apprehensionstate	citizenshipcountry	arrestsbiden	arrests_perdaybiden	arreststrump	arrests_perdaytrump	popACS2023	popACS2024	ln2023	ln2024	predicted	predicted_level	pop_combined	pct_peryear_biden	pct_peryear_trump
"ALABAMA"	"BRAZIL"	1	.0019763	2	.0105263	1646		7.406104		7.751637	2325.376	2325.376	.0003102	.0016523
"ALABAMA"	"CHINA"	10	.0197628	3	.0157895	10355		9.245225		9.263822	10549.37	10549.37	.0006838	.0005463
"ALABAMA"	"COLOMBIA"	33	.0652174	19	.1	2949		7.989222		8.436029	4610.213	4610.213	.0051634	.0079172
"ALABAMA"	"CUBA"	14	.027668	15	.0789474	2740		7.915713		8.358318	4265.516	4265.516	.0023675	.0067555
"ALABAMA"	"DOMINICAN REPUBLIC"	11	.0217391	7	.0368421	1701		7.438972		7.441265	1704.906	1704.906	.0046541	.0078875
"ALABAMA"	"ECUADOR"	4	.0079051	6	.0315789	599		6.395262		6.66709	786.105	786.105	.0036705	.0146626
"ALABAMA"	"EL SALVADOR"	39	.0770751	55	.2894737	3583		8.183956		8.19834	3634.913	3634.913	.0077395	.0290675
"ALABAMA"	"GUATEMALA"	753	1.488142	705	3.710526	17945		9.795067		9.989164	21789.08	21789.08	.0249286	.0621569
"ALABAMA"	"HAITI"	7	.013834	16	.0842105	782		6.661855		6.984062	1079.294	1079.294	.0046784	.0284787
"ALABAMA"	"HONDURAS"	200	.3952569	224	1.178947	3737		8.226038		8.450781	4678.725	4678.725	.0308351	.0919729
"ALABAMA"	"INDIA"	10	.0197628	8	.0421053	8967		9.101307		9.147915	9394.831	9394.831	.0007678	.0016358
"ALABAMA"	"JAMAICA"	40	.0790514	34	.1789474	2376		7.773174		7.86837	2613.301	2613.301	.0110411	.0249936
"ALABAMA"	"MEXICO"	1059	2.092885	977	5.142105	53290		10.8835		10.9166	55083	55083	.0138682	.0340735
"ALABAMA"	"NICARAGUA"	43	.0849802	30	.1578947	438		6.082219		6.827543	922.9207	922.9207	.0336083	.0624448
"ALABAMA"	"PERU"	4	.0079051	3	.0157895	1005		6.912743		7.036194	1137.052	1137.052	.0025376	.0050685
"ALABAMA"	"ROMANIA"	7	.013834	9	.0473684	892		6.793466		6.728682	836.0447	836.0447	.0060396	.0206801
"ALABAMA"	"RUSSIA"	1	.0019763			1136		7.035269		6.844689	938.8812	938.8812	.0007683	
"ALABAMA"	"VENEZUELA"	40	.0790514	87	.4578947	2179		7.686621		8.448886	4669.867	4669.867	.0061787	.0357894
"ALASKA"	"BOLIVIA"	1	.0019763	1	.0052632	0								
"ALASKA"	"BRAZIL"	1	.0019763			472		6.156979		6.59105	728.5455	728.5455	.0009901	
"ALASKA"	"CHINA"	1	.0019763	1	.0052632	1605		7.380879		7.342774	1544.993	1544.993	.0004669	.0012434
"ALASKA"	"COLOMBIA"			1	.0052632	988		6.895683		7.429213	1684.481	1684.481		.0011404
"ALASKA"	"DOMINICAN REPUBLIC"	2	.0039526			970		6.877296		6.859459	952.8518	952.8518	.0015141	
"ALASKA"	"GUATEMALA"	5	.0098814	4	.0210526	270		5.598422		5.738663	310.6489	310.6489	.0116103	.024736
"ALASKA"	"HAITI"	1	.0019763			219		5.389072		5.71809	304.3231	304.3231	.0023703	
"ALASKA"	"HONDURAS"	2	.0039526			134		4.89784		5.237298	188.161	188.161	.0076673	
"ALASKA"	"MEXICO"	10	.0197628	18	.0947368	3276		8.094378		8.128504	3389.724	3389.724	.002128	.0102011
"ALASKA"	"NICARAGUA"	1	.0019763			91		4.510859		5.432757	228.7791	228.7791	.003153	
"ALASKA"	"PERU"	1	.0019763	1	.0052632	438		6.082219		6.209872	497.6377	497.6377	.0014495	.0038603
"ALASKA"	"ROMANIA"	1	.0019763			98		4.584968		4.501997	90.19707	90.19707	.0079974	
"ALASKA"	"RUSSIA"	1	.0019763			822		6.71174		6.496207	662.6234	662.6234	.0010886	
"ALASKA"	"VENEZUELA"			1	.0052632	226		5.420535		6.433881	622.5854	622.5854		.0030856
"ARIZONA"	"BRAZIL"	1	.0019763	1	.0052632	3778	6835	8.23695	8.829812	8.523593	5032.102	6835	.0001055	.0002811
"ARIZONA"	"CHINA"	8	.0158103	7	.0368421	28144	34064	10.24509	10.436	10.2941	29557.57	34064	.0001694	.0003948
"ARIZONA"	"COLOMBIA"	23	.0454545	40	.2105263	6615	8514	8.797095	9.049467	9.179835	9699.556	8514	.0019487	.0090254
"ARIZONA"	"CUBA"	30	.0592885	79	.4157895	8721	20386	9.073489	9.922604	9.392788	12001.51	20386	.0010615	.0074445
"ARIZONA"	"DOMINICAN REPUBLIC"	6	.0118577	9	.0473684	2410	4541	7.787382	8.420902	7.802163	2445.886	4541	.0009531	.0038074
"ARIZONA"	"ECUADOR"	17	.0335968	21	.1105263	1780	1361	7.484369	7.215975	7.742943	2305.247	1361	.0090102	.0296415
"ARIZONA"	"EL SALVADOR"	28	.055336	29	.1526316	10449	11023	9.254262	9.307739	9.291519	10845.65	11023	.0018323	.005054
"ARIZONA"	"GUATEMALA"	204	.4031621	315	1.657895	14583	13495	9.587612	9.510075	9.779047	17659.81	13495	.0109043	.0448412
"ARIZONA"	"HAITI"			4	.0210526	1750	2344	7.467371	7.759614	7.785268	2404.91	2344		.0032782
"ARIZONA"	"HONDURAS"	75	.1482213	73	.3842105	3735	4419	8.225503	8.393669	8.450264	4676.307	4419	.0122428	.031735
"ARIZONA"	"INDIA"	11	.0217391	15	.0789474	44743	52573	10.70869	10.86996	10.80099	49069.22	52573	.0001509	.0005481
"ARIZONA"	"JAMAICA"	2	.0039526	5	.0263158	2878	3057	7.964851	8.025189	8.059739	3164.464	3057	.0004719	.0031421
"ARIZONA"	"MEXICO"	2055	4.061265	2518	13.25263	487314	502830	13.09666	13.12801	13.12894	503297.5	502830	.002948	.00962
"ARIZONA"	"NICARAGUA"	30	.0592885	75	.3947369	2910	3387	7.975908	8.1277	8.508439	4956.42	3387	.0063892	.0425388
"ARIZONA"	"PERU"	7	.013834	5	.0263158	4477	4074	8.406709	8.312381	8.522602	5027.118	4074	.0012394	.0023577
"ARIZONA"	"ROMANIA"	5	.0098814	7	.0368421	5785	7431	8.663024	8.913416	8.613635	5506.228	7431	.0004854	.0018096
"ARIZONA"	"RUSSIA"	2	.0039526	2	.0105263	4213	3315	8.34593	8.106213	8.256444	3852.371	3315	.0004352	.001159
"ARIZONA"	"UZBEKISTAN"	2	.0039526			616	1492	6.423247	7.307873	6.386746	593.9208	1492	.0009669	
"ARIZONA"	"VENEZUELA"	67	.1324111	187	.9842106	2577	5441	7.854381	8.601718	8.598059	5421.125	5441	.0088826	.0660241
"ARKANSAS"	"BOLIVIA"			2	.0105263	142		4.955827		4.908454	135.4299	135.4299		.0283697
"ARKANSAS"	"BRAZIL"	1	.0019763			1610		7.383989		7.73109	2278.084	2278.084	.0003166	
"ARKANSAS"	"CHINA"	4	.0079051	3	.0157895	3624		8.195333		8.181999	3575.997	3575.997	.0008069	.0016116
"ARKANSAS"	"COLOMBIA"	29	.0573123	9	.0473684	719		6.577861		7.136596	1257.141	1257.141	.0166401	.013753
"ARKANSAS"	"CUBA"	10	.0197628	16	.0842105	789		6.670766		7.245962	1402.431	1402.431	.0051435	.0219168
"ARKANSAS"	"DOMINICAN REPUBLIC"	2	.0039526	5	.0263158	421		6.042633		5.994882	401.3694	401.3694	.0035944	.0239312
"ARKANSAS"	"ECUADOR"	9	.0177866	3	.0157895	319		5.765191		6.044688	421.866	421.866	.015389	.0136611
"ARKANSAS"	"EL SALVADOR"	180	.3557312	194	1.021053	16641		9.719625		9.766827	17445.32	17445.32	.0074428	.021363
"ARKANSAS"	"GUATEMALA"	218	.43083	344	1.810526	6398		8.763741		8.944603	7666.404	7666.404	.020512	.0861997
"ARKANSAS"	"HAITI"	1	.0019763	1	.0052632	416		6.030685		6.35627	576.0937	576.0937	.0012521	.0033346
"ARKANSAS"	"HONDURAS"	122	.2411067	153	.8052632	2189		7.6912		7.934378	2791.621	2791.621	.0315243	.1052869
"ARKANSAS"	"INDIA"			9	.0473684	9988		9.20914		9.258813	10496.67	10496.67		.0016471
"ARKANSAS"	"JAMAICA"	1	.0019763	1	.0052632	198		5.288267		5.387451	218.6453	218.6453	.0032992	.0087862
"ARKANSAS"	"MEXICO"	727	1.436759	784	4.126316	64745		11.07821		11.11123	66918.57	66918.57	.0078366	.0225065
"ARKANSAS"	"NICARAGUA"	166	.3280632	92	.4842105	338		5.823046		6.597493	733.2544	733.2544	.1633036	.2410307
"ARKANSAS"	"PERU"	5	.0098814	5	.0263158	474		6.161207		6.288461	538.324	538.324	.0066999	.0178429
"ARKANSAS"	"ROMANIA"	3	.0059289	3	.0157895	486		6.186209		6.116424	453.241	453.241	.0047746	.0127154
"ARKANSAS"	"RUSSIA"	1	.0019763	1	.0052632	339		5.826		5.542148	255.2255	255.2255	.0028263	.0075269
"ARKANSAS"	"VENEZUELA"	22	.0434783	81	.4263158	879		6.778785		7.641638	2083.153	2083.153	.0076181	.074697
"CALIFORNIA"	"BOLIVIA"	1	.0019763	4	.0210526	9260	11061	9.133459	9.311181	9.133053	9256.236	11061	.0000652	.0006947
"CALIFORNIA"	"BRAZIL"	7	.013834	23	.1210526	56186	53481	10.93642	10.88708	11.03173	61804.27	53481	.0000944	.0008262
"CALIFORNIA"	"CHINA"	55	.1086956	259	1.363158	964347	1.0e+06	13.77921	13.81947	13.9357	1127706	1003970	.0000395	.0004956
"CALIFORNIA"	"COLOMBIA"	238	.4703557	382	2.010526	62242	84662	11.03878	11.34642	11.24375	76400.82	84662	.0020278	.0086679
"CALIFORNIA"	"CUBA"	27	.0533597	47	.2473684	28501	25475	10.25769	10.14545	10.45087	34574.49	25475	.0007645	.0035442
"CALIFORNIA"	"DOMINICAN REPUBLIC"	24	.0474308	11	.0578947	7248	7929	8.888481	8.978282	8.942725	7652.022	7929	.0021834	.0026651
"CALIFORNIA"	"ECUADOR"	44	.0869565	78	.4105263	22224	24272	10.00893	10.09708	10.23678	27911.09	24272	.0013076	.0061735
"CALIFORNIA"	"EL SALVADOR"	370	.7312253	541	2.847368	436648	456336	12.98688	13.03098	13.10391	490856.8	456336	.0005849	.0022775
"CALIFORNIA"	"GUATEMALA"	485	.958498	1064	5.6	300751	335349	12.61404	12.72293	12.84431	378628.8	335349	.0010432	.0060951
"CALIFORNIA"	"HAITI"	5	.0098814	23	.1210526	5767	9270	8.659907	9.134539	8.971423	7874.801	9270	.0003891	.0047664
"CALIFORNIA"	"HONDURAS"	306	.6047431	345	1.815789	72986	73526	11.19802	11.20539	11.32033	82481.45	73526	.0030021	.009014
"CALIFORNIA"	"INDIA"	35	.06917	299	1.573684	547160	626214	13.2125	13.34745	13.37596	644327.4	626214	.0000403	.0009172
"CALIFORNIA"	"JAMAICA"	21	.041502	12	.0631579	15815	17002	9.668715	9.741086	9.760868	17341.68	17002	.000891	.0013559
"CALIFORNIA"	"MEXICO"	4766	9.418972	5380	28.31579	3849113	4.0e+06	15.16335	15.19046	15.19486	3972315	3954869	.0008693	.0026133
"CALIFORNIA"	"NICARAGUA"	446	.8814229	236	1.242105	62546	82585	11.04366	11.32158	11.23147	75468.1	82585	.0038956	.0054897
"CALIFORNIA"	"PERU"	132	.2608696	181	.9526316	73723	78279	11.20807	11.26803	11.30979	81616.74	78279	.0012164	.0044419
"CALIFORNIA"	"ROMANIA"	32	.0632411	47	.2473684	23348	23518	10.05827	10.06552	10.02037	22479.67	23518	.0009815	.0038392
"CALIFORNIA"	"RUSSIA"	69	.1363636	99	.5210527	76006	85962	11.23857	11.36166	11.37219	86872.28	85962	.000579	.0022124
"CALIFORNIA"	"UZBEKISTAN"	12	.0237154	8	.0421053	5795	9418	8.664751	9.150378	8.536433	5097.131	9418	.0009191	.0016318
"CALIFORNIA"	"VENEZUELA"	42	.083004	300	1.578947	19833	22879	9.895103	10.03797	10.41267	33278.58	22879	.0013242	.0251897
"COLORADO"	"BRAZIL"	1	.0019763	2	.0105263	5933	8880	8.688285	9.091557	8.942937	7653.642	8880	.0000812	.0004327
"COLORADO"	"CHINA"	5	.0098814	12	.0631579	21098	24379	9.956934	10.10148	9.997175	21964.33	24379	.0001479	.0009456
"COLORADO"	"COLOMBIA"	93	.1837945	170	.8947368	7403	11560	8.90964	9.355306	9.283455	10758.54	11560	.0058032	.0282508
"COLORADO"	"CUBA"	11	.0217391	35	.1842105	2649	9177	7.881938	9.124455	8.32814	4138.713	9177	.0008646	.0073267
"COLORADO"	"DOMINICAN REPUBLIC"			1	.0052632	2223	1899	7.706613	7.549083	7.718499	2249.58	1899		.0010116
"COLORADO"	"ECUADOR"	4	.0079051	6	.0315789	1328	2443	7.191429	7.800982	7.453569	1726.012	2443	.0011811	.0047181
"COLORADO"	"EL SALVADOR"	58	.1146245	80	.4210526	11051	9805	9.310276	9.190648	9.34873	11484.23	9805	.004267	.0156741
"COLORADO"	"GUATEMALA"	76	.1501976	122	.6421053	8329	8281	9.027498	9.021719	9.211745	10014.06	8281	.0066202	.0283019
"COLORADO"	"HAITI"	3	.0059289	3	.0157895	621	1711	6.431331	7.444833	6.754772	858.1442	1711	.0012648	.0033683
"COLORADO"	"HONDURAS"	119	.2351779	184	.968421	5761	7425	8.658866	8.912608	8.86869	7105.97	7425	.0115609	.0476059
"COLORADO"	"INDIA"	12	.0237154	5	.0263158	21997	26746	9.998661	10.19414	10.07078	23641.88	26746	.0003236	.0003591
"COLORADO"	"JAMAICA"	5	.0098814			2331	4291	7.754053	8.364275	7.849279	2563.886	4291	.0008405	
"COLORADO"	"MEXICO"	737	1.456522	906	4.768421	211455	211459	12.26177	12.26179	12.29435	218457.9	211459	.0025141	.0082308
"COLORADO"	"NICARAGUA"	54	.1067194	65	.3421053	1817	3071	7.504942	8.029758	8.090395	3262.976	3071	.012684	.0406605
"COLORADO"	"PERU"	17	.0335968	27	.1421053	5041	13255	8.52536	9.49213	8.640653	5657.021	13255	.0009251	.0039131
"COLORADO"	"ROMANIA"	4	.0079051	24	.1263158	1565	2267	7.355641	7.726213	7.295486	1473.633	2267	.0012728	.0203376
"COLORADO"	"RUSSIA"	2	.0039526	2	.0105263	7723	8366	8.951958	9.031931	8.909215	7399.85	8366	.0001724	.0004593
"COLORADO"	"UZBEKISTAN"			1	.0052632	665	1304	6.499787	7.173192	6.460151	639.1574	1304		.0014732
"COLORADO"	"VENEZUELA"	319	.6304348	407	2.142105	7142	21779	8.873748	9.988702	9.50448	13419.72	21779	.0105656	.0359001
"CONNECTICUT"	"BOLIVIA"	1	.0019763			661	435	6.493754	6.075346	6.463671	641.4115	435	.0016583	
"CONNECTICUT"	"BRAZIL"	15	.0296443	29	.1526316	25858	21674	10.16038	9.983869	10.31069	30052.05	21674	.0004992	.0025704
"CONNECTICUT"	"CHINA"	1	.0019763	5	.0263158	27285	27637	10.21409	10.22691	10.26215	28628.4	27637	.0000261	.0003476
"CONNECTICUT"	"COLOMBIA"	38	.0750988	15	.0789474	19024	19350	9.853456	9.870448	10.15242	25653.16	19350	.0014166	.0014892
"CONNECTICUT"	"CUBA"	2	.0039526			3434	2901	8.141481	7.972811	8.560041	5218.897	2901	.0004973	
"CONNECTICUT"	"DOMINICAN REPUBLIC"	24	.0474308	19	.1	29305	29874	10.28551	10.30474	10.38983	32527.03	29874	.0005795	.0012218
"CONNECTICUT"	"ECUADOR"	41	.0810277	94	.4947369	26854	31463	10.19817	10.35657	10.42372	33648.29	31463	.00094	.0057394
"CONNECTICUT"	"EL SALVADOR"	6	.0118577	5	.0263158	5904	11641	8.683385	9.362288	8.708442	6053.802	11641	.0003718	.0008251
"CONNECTICUT"	"GUATEMALA"	20	.0395257	53	.2789474	17241	22580	9.755046	10.02482	9.948629	20923.53	22580	.0006389	.0045091
"CONNECTICUT"	"HAITI"	4	.0079051	1	.0052632	15792	19429	9.667259	9.874522	9.973385	21447.96	19429	.0001485	.0000989
"CONNECTICUT"	"HONDURAS"	15	.0296443	24	.1263158	7464	7618	8.917847	8.93827	9.118745	9124.741	7618	.0014203	.0060521
"CONNECTICUT"	"INDIA"			6	.0315789	38836	43881	10.5671	10.68924	10.65538	42420.01	43881		.0002627
"CONNECTICUT"	"JAMAICA"	20	.0395257	14	.0736842	43120	48135	10.67174	10.78176	10.76229	47206.51	48135	.0002997	.0005587
"CONNECTICUT"	"MEXICO"	25	.0494071	41	.2157895	25621	21474	10.15117	9.974598	10.18453	26490.23	21474	.0008398	.0036678
"CONNECTICUT"	"NICARAGUA"	29	.0573123	9	.0473684	2421	3235	7.791936	8.081784	8.34514	4209.67	3235	.0064665	.0053445
"CONNECTICUT"	"PERU"	34	.0671937	24	.1263158	13785	20952	9.531337	9.949989	9.641541	15391.04	20952	.0011706	.0022005
"CONNECTICUT"	"ROMANIA"	1	.0019763	2	.0105263	2054	1269	7.627544	7.145985	7.569629	1938.42	1269	.0005684	.0030277
"CONNECTICUT"	"RUSSIA"			1	.0052632	6473	5928	8.775395	8.687442	8.719034	6118.267	5928		.0003241
"CONNECTICUT"	"VENEZUELA"	5	.0098814	12	.0631579	4551	3969	8.423102	8.286269	9.103765	8989.077	3969	.0009087	.0058082
"DC"	"CHINA"			1	.0052632	4148		8.330381		8.321155	4109.902	4109.902		.0004674
"DC"	"COLOMBIA"	1	.0019763	3	.0157895	2651		7.882692		8.337948	4179.504	4179.504	.0001726	.0013789
"DC"	"DOMINICAN REPUBLIC"			1	.0052632	1889		7.543803		7.549853	1900.464	1900.464		.0010108
"DC"	"EL SALVADOR"	9	.0177866	20	.1052632	10469		9.256174		9.293472	10866.85	10866.85	.0005974	.0035356
"DC"	"GUATEMALA"	3	.0059289	10	.0526316	1676		7.424165		7.587837	1974.039	1974.039	.0010962	.0097316
"DC"	"HAITI"			1	.0052632	668		6.504288		6.827339	922.7319	922.7319		.0020819
"DC"	"HONDURAS"	4	.0079051	20	.1052632	1598		7.376508		7.630532	2060.146	2060.146	.0014006	.0186497
"DC"	"MEXICO"	5	.0098814	2	.0105263	3953		8.28223		8.316286	4089.942	4089.942	.0008819	.0009394
"DC"	"NICARAGUA"			1	.0052632	348		5.852202		6.623373	752.4789	752.4789		.002553
"DC"	"PERU"			5	.0263158	1489		7.30586		7.427322	1681.3	1681.3		.005713
"DC"	"VENEZUELA"	5	.0098814	14	.0736842	1165		7.060476		7.892118	2676.106	2676.106	.0013477	.01005
"DELAWARE"	"BOLIVIA"	1	.0019763	1	.0052632	123		4.812184		4.763197	117.1198	117.1198	.006159	.0164025
"DELAWARE"	"BRAZIL"	2	.0039526	3	.0157895	648		6.473891		6.885499	977.9901	977.9901	.0014752	.0058929
"DELAWARE"	"CHINA"	1	.0019763	2	.0105263	6833		8.829519		8.835472	6873.798	6873.798	.0001049	.0005589
"DELAWARE"	"COLOMBIA"	7	.013834	2	.0105263	1261		7.13966		7.653841	2108.731	2108.731	.0023945	.001822
"DELAWARE"	"DOMINICAN REPUBLIC"	39	.0770751	33	.1736842	2833		7.949091		7.969667	2891.896	2891.896	.009728	.0219215
"DELAWARE"	"ECUADOR"	5	.0098814	7	.0368421	386		5.955837		6.233014	509.288	509.288	.0070819	.0264043
"DELAWARE"	"EL SALVADOR"	2	.0039526	10	.0526316	1306		7.174724		7.167541	1296.652	1296.652	.0011126	.0148155
"DELAWARE"	"GUATEMALA"	113	.2233202	129	.6789474	6645		8.80162		8.982968	7966.244	7966.244	.0102322	.0311082
"DELAWARE"	"HAITI"	4	.0079051	1	.0052632	4638		8.442039		8.75472	6340.543	6340.543	.0004551	.000303
"DELAWARE"	"HONDURAS"	7	.013834	17	.0894737	1665		7.417581		7.670189	2143.486	2143.486	.0023557	.0152359
"DELAWARE"	"INDIA"			1	.0052632	11801		9.375939		9.430353	12460.93	12460.93		.0001542
"DELAWARE"	"JAMAICA"	6	.0118577	1	.0052632	3967		8.285766		8.380139	4359.616	4359.616	.0009928	.0004406
"DELAWARE"	"MEXICO"	97	.1916996	102	.5368421	15633		9.65714		9.690686	16166.33	16166.33	.0043282	.0121207
"DELAWARE"	"NICARAGUA"	3	.0059289	5	.0263158	71		4.26268		5.212465	183.546	183.546	.0117901	.0523316
"DELAWARE"	"PERU"			7	.0368421	573		6.350886		6.47718	650.135	650.135		.020684
"DELAWARE"	"ROMANIA"	1	.0019763	1	.0052632	208		5.337538		5.260765	192.6288	192.6288	.0037447	.0099728
"DELAWARE"	"VENEZUELA"	1	.0019763	4	.0210526	729		6.591674		7.475258	1763.857	1763.857	.000409	.0043565
"FLORIDA"	"BOLIVIA"	15	.0296443	13	.0684211	10741	10231	9.281823	9.233177	9.283085	10754.56	10231	.0010576	.002441
"FLORIDA"	"BRAZIL"	194	.3833992	287	1.510526	135785	178440	11.81883	12.09201	11.85159	140306.9	178440	.0007842	.0030898
"FLORIDA"	"CHINA"	19	.0375494	30	.1578947	66894	78607	11.11086	11.27222	11.1862	72128.25	78607	.0001744	.0007332
"FLORIDA"	"COLOMBIA"	549	1.08498	616	3.242105	310404	380294	12.64563	12.8487	12.72316	335428.7	380294	.0010413	.0031117
"FLORIDA"	"CUBA"	546	1.079051	1221	6.426316	1015286	1.2e+06	13.83068	13.98557	13.64332	841821.3	1185378	.0003323	.0019788
"FLORIDA"	"DOMINICAN REPUBLIC"	75	.1482213	86	.4526316	142737	154162	11.86876	11.94576	12.02982	167680.5	154162	.0003509	.0010717
"FLORIDA"	"ECUADOR"	70	.1383399	104	.5473684	53485	64019	10.88716	11.06694	11.10432	66457.61	64019	.0007887	.0031208
"FLORIDA"	"EL SALVADOR"	209	.4130435	316	1.663158	51587	55231	10.85102	10.91928	10.92241	55403.9	55231	.0027296	.0109912
"FLORIDA"	"GUATEMALA"	2098	4.146245	2927	15.40526	102520	124536	11.53781	11.73235	11.75428	127296.6	124536	.0121521	.045151
"FLORIDA"	"HAITI"	198	.3913043	259	1.363158	351094	400047	12.76881	12.89934	13.05834	468990.7	400047	.000357	.0012437
"FLORIDA"	"HONDURAS"	1102	2.177866	1553	8.173684	108373	122980	11.59333	11.71978	11.70201	120814.8	122980	.0064638	.0242592
"FLORIDA"	"INDIA"	15	.0296443	29	.1526316	99787	110998	11.51079	11.61727	11.62589	111959	110998	.0000975	.0005019
"FLORIDA"	"JAMAICA"	186	.3675889	213	1.121053	231429	252782	12.35203	12.44028	12.43988	252679.3	252782	.0005308	.0016187
"FLORIDA"	"MEXICO"	2376	4.695652	2879	15.15263	256031	276505	12.45305	12.52998	12.48556	264491.5	276505	.0061985	.0200022
"FLORIDA"	"NICARAGUA"	947	1.871542	668	3.51579	109572	122228	11.60434	11.71364	11.72914	124137	122228	.0055888	.0104989
"FLORIDA"	"PERU"	119	.2351779	121	.6368421	99808	97323	11.511	11.48579	11.61119	110325.5	97323	.000882	.0023884
"FLORIDA"	"ROMANIA"	36	.0711462	37	.1947368	14434	15663	9.577342	9.659057	9.535482	13842.27	15663	.0016579	.004538
"FLORIDA"	"RUSSIA"	15	.0296443	50	.2631579	33569	37343	10.42136	10.5279	10.49195	36024.44	37343	.0002898	.0025722
"FLORIDA"	"UZBEKISTAN"	3	.0059289	4	.0210526	2777	3114	7.929126	8.043663	7.830941	2517.298	3114	.0006949	.0024676
"FLORIDA"	"VENEZUELA"	415	.8201581	970	5.105263	292603	399770	12.58657	12.89864	12.80593	364370.1	399770	.0007488	.0046612
"GEORGIA"	"BOLIVIA"	1	.0019763	3	.0157895	1139	1046	7.037906	6.952729	7.013941	1112.028	1046	.0006896	.0055097
"GEORGIA"	"BRAZIL"	20	.0395257	24	.1263158	20029	18313	9.904937	9.815367	10.07335	23702.9	18313	.0007878	.0025176
"GEORGIA"	"CHINA"	14	.027668	22	.1157895	48016	55923	10.77929	10.93173	10.84454	51253.62	55923	.0001806	.0007557
"GEORGIA"	"COLOMBIA"	157	.3102767	207	1.089474	28397	38635	10.25404	10.56191	10.52124	37094.96	38635	.0029313	.0102927
"GEORGIA"	"CUBA"	56	.1106719	33	.1736842	15625	16675	9.656628	9.721666	9.91382	20207.73	16675	.0024225	.0038018
"GEORGIA"	"DOMINICAN REPUBLIC"	30	.0592885	31	.1631579	12532	14022	9.436041	9.548383	9.509909	13492.76	14022	.0015433	.0042471
"GEORGIA"	"ECUADOR"	36	.0711462	30	.1578947	4703	4704	8.455956	8.456168	8.702706	6019.18	4704	.0055205	.0122516
"GEORGIA"	"EL SALVADOR"	112	.2213439	129	.6789474	31527	30461	10.3586	10.3242	10.41946	33505.25	30461	.0026523	.0081355
"GEORGIA"	"GUATEMALA"	503	.9940711	1021	5.373684	44819	53733	10.71039	10.89178	10.91623	55062.88	53733	.0067526	.0365026
"GEORGIA"	"HAITI"	19	.0375494	24	.1263158	17998	26317	9.798016	10.17797	10.10344	24426.92	26317	.0005208	.0017519
"GEORGIA"	"HONDURAS"	272	.5375494	468	2.463158	26710	21233	10.19279	9.963312	10.34975	31249.13	21233	.0092406	.0423422
"GEORGIA"	"INDIA"	15	.0296443	43	.2263158	107533	127576	11.58555	11.75647	11.70277	120906.6	127576	.0000848	.0006475
"GEORGIA"	"JAMAICA"	29	.0573123	16	.0842105	51329	65438	10.84601	11.08886	10.93628	56177.72	65438	.0003197	.0004697
"GEORGIA"	"MEXICO"	1382	2.731225	1862	9.8	228463	247117	12.33913	12.41762	12.37168	236022.4	247117	.0040341	.0144749
"GEORGIA"	"NICARAGUA"	154	.3043478	199	1.047368	5733	9598	8.653995	9.16931	9.110329	9048.269	9598	.011574	.0398301
"GEORGIA"	"PERU"	23	.0454545	53	.2789474	8860	13998	9.089302	9.54667	9.201742	9914.387	13998	.0011852	.0072736
"GEORGIA"	"ROMANIA"	11	.0217391	18	.0947368	5332	5290	8.581482	8.573573	8.531422	5071.651	5290	.0015	.0065367
"GEORGIA"	"RUSSIA"	8	.0158103	5	.0263158	6442	6832	8.770595	8.829372	8.713863	6086.712	6832	.0008447	.0014059
"GEORGIA"	"UZBEKISTAN"			1	.0052632	1661	668	7.415175	6.504288	7.338042	1537.699	668		.0028758
"GEORGIA"	"VENEZUELA"	220	.4347826	540	2.842105	23609	47114	10.06938	10.76033	10.56764	38856.88	47114	.0033683	.0220183
"HAWAII"	"BRAZIL"	2	.0039526	1	.0052632	1654		7.410952		7.756142	2335.875	2335.875	.0006176	.0008224
"HAWAII"	"CHINA"	4	.0079051	20	.1052632	26762		10.19474		10.24221	28063.14	28063.14	.0001028	.0013691
"HAWAII"	"COLOMBIA"	2	.0039526			517		6.248043		6.832933	927.9088	927.9088	.0015548	
"HAWAII"	"CUBA"	1	.0019763			147		4.990433		5.744589	312.4953	312.4953	.0023083	
"HAWAII"	"DOMINICAN REPUBLIC"	1	.0019763			187		5.231109		5.154273	173.1699	173.1699	.0041655	
"HAWAII"	"ECUADOR"			1	.0052632	191		5.252274		5.538013	254.1723	254.1723		.0075581
"HAWAII"	"EL SALVADOR"	3	.0059289	3	.0157895	279		5.631212		5.591043	268.0149	268.0149	.0080743	.0215031
"HAWAII"	"GUATEMALA"			12	.0631579	238		5.47227		5.610893	273.3882	273.3882		.084322
"HAWAII"	"HONDURAS"	1	.0019763	22	.1157895	351		5.860786		6.167054	476.7795	476.7795	.001513	.088643
"HAWAII"	"MEXICO"	21	.041502	18	.0947368	4152		8.331346		8.365383	4295.757	4295.757	.0035263	.0080496
"HAWAII"	"NICARAGUA"	1	.0019763			128		4.85203		5.73559	309.6958	309.6958	.0023292	
"HAWAII"	"ROMANIA"			6	.0315789	336		5.817111		5.744287	312.4008	312.4008		.0368959
"HAWAII"	"RUSSIA"	1	.0019763	5	.0263158	753		6.624065		6.401769	602.9108	602.9108	.0011964	.0159315
"HAWAII"	"VENEZUELA"			2	.0105263	448		6.104793		7.042324	1144.043	1144.043		.0033584
"IDAHO"	"BOLIVIA"	1	.0019763	1	.0052632	24		3.178054		3.110695	22.43664	22.43664	.0321503	.0856212
"IDAHO"	"COLOMBIA"	2	.0039526	16	.0842105	1471		7.293698		7.795663	2430.041	2430.041	.0005937	.0126487
"IDAHO"	"CUBA"			1	.0052632	210		5.347107		6.063277	429.7816	429.7816		.0044698
"IDAHO"	"DOMINICAN REPUBLIC"	1	.0019763			89		4.488636		4.38519	80.25351	80.25351	.0089883	
"IDAHO"	"EL SALVADOR"	3	.0059289	11	.0578947	744		6.612041		6.592833	729.8453	729.8453	.0029651	.0289535
"IDAHO"	"GUATEMALA"			25	.131579	2087		7.643483		7.809968	2465.053	2465.053		.0194829
"IDAHO"	"HONDURAS"	9	.0177866	16	.0842105	466		6.144186		6.440685	626.8359	626.8359	.0103569	.0490349
"IDAHO"	"INDIA"			1	.0052632	2032		7.616776		7.621187	2040.983	2040.983		.0009412
"IDAHO"	"MEXICO"	69	.1363636	289	1.521053	52843		10.87508		10.90818	54621.1	54621.1	.0009112	.0101643
"IDAHO"	"NICARAGUA"	1	.0019763	1	.0052632	199		5.293305		6.127279	458.1877	458.1877	.0015743	.0041927
"IDAHO"	"PERU"	2	.0039526	71	.3736842	1484		7.302496		7.423976	1675.683	1675.683	.000861	.0813965
"IDAHO"	"ROMANIA"			3	.0157895	455		6.120297		6.04997	424.1004	424.1004		.0135891
"IDAHO"	"UZBEKISTAN"	1	.0019763			206		5.327876		5.336245	207.7311	207.7311	.0034725	
"IDAHO"	"VENEZUELA"	1	.0019763	10	.0526316	462		6.135565		7.069686	1175.779	1175.779	.0006135	.0163386
"ILLINOIS"	"BOLIVIA"			3	.0157895	1689	1263	7.431892	7.141245	7.412356	1656.324	1263		.0045631
"ILLINOIS"	"BRAZIL"			1	.0052632	8658	9946	9.066239	9.204926	9.294102	10873.69	9946		.0001931
"ILLINOIS"	"CHINA"	7	.013834	15	.0789474	87283	101918	11.37691	11.53192	11.46034	94877.19	101918	.0000495	.0002827
"ILLINOIS"	"COLOMBIA"	201	.3972332	103	.5421053	19705	32199	9.888628	10.37969	10.1848	26497.46	32199	.0045029	.0061452
"ILLINOIS"	"CUBA"	5	.0098814	7	.0368421	7827	8914	8.965335	9.095378	9.296152	10896.01	8914	.0004046	.0015086
"ILLINOIS"	"DOMINICAN REPUBLIC"	21	.041502	8	.0421053	4209	3722	8.34498	8.222016	8.379745	4357.899	3722	.0040699	.0041291
"ILLINOIS"	"ECUADOR"	303	.5988142	81	.4263158	18343	29846	9.817003	10.30381	10.04719	23090.8	29846	.0073232	.0052136
"ILLINOIS"	"EL SALVADOR"	23	.0454545	22	.1157895	11244	11066	9.32759	9.311632	9.366414	11689.12	11066	.0014993	.0038192
"ILLINOIS"	"GUATEMALA"	87	.1719368	101	.531579	24558	27456	10.10879	10.22034	10.30692	29939	27456	.0022857	.0070668
"ILLINOIS"	"HAITI"	1	.0019763	3	.0157895	3946	3520	8.280457	8.166216	8.594004	5399.187	3520	.0002049	.0016373
"ILLINOIS"	"HONDURAS"	53	.1047431	76	.4	14493	15466	9.581421	9.646399	9.759447	17317.05	15466	.002472	.0094401
"ILLINOIS"	"INDIA"	11	.0217391	11	.0578947	162917	174682	12.001	12.07072	12.13003	185354.6	174682	.0000454	.000121
"ILLINOIS"	"JAMAICA"	2	.0039526	1	.0052632	8694	6695	9.070389	8.809116	9.163503	9542.423	6695	.0002155	.0002869
"ILLINOIS"	"MEXICO"	805	1.590909	537	2.826316	637544	634468	13.36538	13.36054	13.39755	658389.2	634468	.0009152	.0016259
"ILLINOIS"	"NICARAGUA"	224	.4426877	71	.3736842	2629	6223	7.874359	8.736008	8.4183	4529.196	6223	.0259651	.0219178
"ILLINOIS"	"PERU"	35	.06917	12	.0631579	8948	11172	9.099185	9.321166	9.211575	10012.35	11172	.0022598	.0020634
"ILLINOIS"	"ROMANIA"	8	.0158103	11	.0578947	13844	13393	9.535607	9.502487	9.493403	13271.89	13393	.0004309	.0015778
"ILLINOIS"	"RUSSIA"	10	.0197628	4	.0210526	16516	21803	9.712085	9.989803	9.727972	16780.49	21803	.0003308	.0003524
"ILLINOIS"	"UZBEKISTAN"	7	.013834	1	.0052632	2092	2936	7.645876	7.984803	7.559293	1918.489	2936	.0017198	.0006543
"ILLINOIS"	"VENEZUELA"	160	.3162055	273	1.436842	14373	38023	9.573107	10.54595	10.12635	24992.98	38023	.0030354	.0137929
"INDIANA"	"BOLIVIA"	1	.0019763			326	1831	5.786897	7.512618	5.748868	313.8351	1831	.000394	
"INDIANA"	"BRAZIL"	3	.0059289	1	.0052632	2864	2459	7.959975	7.80751	8.26625	3890.332	2459	.00088	.0007812
"INDIANA"	"CHINA"	3	.0059289	5	.0263158	21573	22786	9.979198	10.0339	10.02012	22474.03	22786	.000095	.0004215
"INDIANA"	"COLOMBIA"	43	.0849802	24	.1263158	4200	4269	8.34284	8.359135	8.761604	6384.346	4269	.0072658	.0108
"INDIANA"	"CUBA"	7	.013834	15	.0789474	2340	4536	7.757906	8.419801	8.217319	3704.555	4536	.0011132	.0063527
"INDIANA"	"DOMINICAN REPUBLIC"	8	.0158103	11	.0578947	2740	4282	7.915713	8.362176	7.935093	2793.62	4282	.0013477	.004935
"INDIANA"	"ECUADOR"	7	.013834	5	.0263158	892	2056	6.793466	7.628518	7.060449	1164.968	2056	.0024559	.0046718
"INDIANA"	"EL SALVADOR"	97	.1916996	55	.2894737	9620	10117	9.171599	9.221972	9.20709	9967.553	10117	.0069161	.0104436
"INDIANA"	"GUATEMALA"	275	.5434783	198	1.042105	10222	16619	9.232298	9.718302	9.419173	12322.39	16619	.0119363	.0228876
"INDIANA"	"HAITI"	15	.0296443	37	.1947368	6353	18564	8.756682	9.828979	9.06768	8670.488	18564	.0005829	.0038289
"INDIANA"	"HONDURAS"	287	.5671937	224	1.178947	9511	13462	9.160204	9.507627	9.352748	11530.46	13462	.0153785	.0319652
"INDIANA"	"INDIA"	30	.0592885	70	.368421	32781	41491	10.3976	10.63323	10.48106	35634.09	41491	.0005216	.003241
"INDIANA"	"JAMAICA"	3	.0059289			1754	1705	7.469654	7.44132	7.565337	1930.12	1705	.0012692	
"INDIANA"	"MEXICO"	1015	2.005929	730	3.842105	110577	119755	11.61347	11.6932	11.64629	114266.5	119755	.0061138	.0117103
"INDIANA"	"NICARAGUA"	349	.6897233	165	.8684211	1748	8006	7.466228	8.987947	8.05603	3152.75	8006	.031445	.039592
"INDIANA"	"PERU"	9	.0177866	13	.0684211	2338	4082	7.757051	8.314342	7.876231	2633.926	4082	.0015904	.006118
"INDIANA"	"ROMANIA"	13	.0256917	6	.0315789	1431	1350	7.266129	7.20786	7.205237	1346.464	1350	.0069463	.008538
"INDIANA"	"RUSSIA"			2	.0105263	3530	2958	8.169053	7.992269	8.065924	3184.096	2958		.0012989
"INDIANA"	"UZBEKISTAN"			1	.0052632	143	45	4.962845	3.806663	4.986166	146.3741	45		.0426901
"INDIANA"	"VENEZUELA"	44	.0869565	144	.7578948	8897	11582	9.09347	9.357207	9.699857	16315.27	11582	.0027404	.0238846
"IOWA"	"COLOMBIA"	4	.0079051	4	.0210526	1234	2453	7.118016	7.805067	7.633914	2067.125	2453	.0011763	.0031326
"IOWA"	"CUBA"	6	.0118577	10	.0526316	1310	3400	7.177783	8.131531	7.69898	2206.096	3400	.001273	.0056502
"IOWA"	"DOMINICAN REPUBLIC"	2	.0039526	1	.0052632	606	368	6.40688	5.908083	6.372184	585.3347	368	.0039203	.0052203
"IOWA"	"ECUADOR"	7	.013834	12	.0631579	519	406	6.251904	6.006353	6.525477	682.3054	406	.012437	.0567799
"IOWA"	"EL SALVADOR"	19	.0375494	42	.2210526	5981	4922	8.696343	8.501471	8.721678	6134.463	4922	.0027845	.0163926
"IOWA"	"GUATEMALA"	73	.1442688	160	.8421053	7377	8279	8.906122	9.021478	9.088812	8855.658	8279	.0063604	.0371263
"IOWA"	"HAITI"			2	.0105263	515	1953	6.244167	7.577122	6.568609	712.3784	1953		.0019673
"IOWA"	"HONDURAS"	61	.1205534	86	.4526316	2595	4744	7.861342	8.464636	8.098655	3290.039	4744	.0092753	.0348252
"IOWA"	"INDIA"	3	.0059289	5	.0263158	11711	10215	9.368284	9.231612	9.422481	12363.21	10215	.0002118	.0009403
"IOWA"	"MEXICO"	181	.3577075	261	1.373684	43230	46988	10.67429	10.75765	10.70746	44687.96	46988	.0027787	.0106707
"IOWA"	"NICARAGUA"	48	.0948617	39	.2052632	580	428	6.363028	6.059123	7.076797	1184.17	428	.0808984	.1750492
"IOWA"	"PERU"	2	.0039526			476	675	6.165418	6.514713	6.29265	540.5841	675	.0021373	
"IOWA"	"ROMANIA"	4	.0079051	1	.0052632	332	323	5.805135	5.777652	5.732212	308.6513	323	.0089331	.0059475
"IOWA"	"VENEZUELA"	1	.0019763	18	.0947368	498	810	6.2106	6.697034	7.136407	1256.905	810	.0008905	.0426901
"KANSAS"	"BRAZIL"	4	.0079051	2	.0105263	1855		7.52564		7.8627	2598.528	2598.528	.0011104	.0014786
"KANSAS"	"CHINA"	1	.0019763	1	.0052632	9663		9.17606		9.192553	9823.694	9823.694	.0000734	.0001956
"KANSAS"	"COLOMBIA"	13	.0256917	19	.1	1123		7.023759		7.547132	1895.298	1895.298	.0049478	.0192582
"KANSAS"	"CUBA"	9	.0177866	14	.0736842	1786		7.487734		7.97592	2910.034	2910.034	.0022309	.0092421
"KANSAS"	"DOMINICAN REPUBLIC"	1	.0019763			422		6.045005		5.997339	402.3568	402.3568	.0017928	
"KANSAS"	"ECUADOR"	1	.0019763	2	.0105263	965		6.872128		7.138154	1259.101	1259.101	.0005729	.0030515
"KANSAS"	"EL SALVADOR"	25	.0494071	24	.1263158	4628		8.43988		8.459734	4720.802	4720.802	.00382	.0097664
"KANSAS"	"GUATEMALA"	157	.3102767	191	1.005263	7348		8.902184		9.084823	8820.401	8820.401	.0128397	.0415991
"KANSAS"	"HAITI"			3	.0157895	763		6.637258		6.959597	1053.209	1053.209		.005472
"KANSAS"	"HONDURAS"	119	.2351779	139	.7315789	3762		8.232706		8.457219	4708.945	4708.945	.0182291	.0567062
"KANSAS"	"INDIA"	1	.0019763	1	.0052632	12386		9.424322		9.480111	13096.64	13096.64	.0000551	.0001467
"KANSAS"	"MEXICO"	523	1.033597	482	2.536842	84006		11.33864		11.37157	86817.78	86817.78	.0043455	.0106654
"KANSAS"	"NICARAGUA"	21	.041502	39	.2052632	1119		7.020191		7.660115	2122.001	2122.001	.0071386	.0353068
"KANSAS"	"PERU"			6	.0315789	933		6.838405		6.962233	1055.989	1055.989		.0109152
"KANSAS"	"ROMANIA"	3	.0059289	5	.0263158	489		6.192362		6.122628	456.0617	456.0617	.004745	.0210613
"KANSAS"	"UZBEKISTAN"			1	.0052632	132		4.882802		4.909402	135.5583	135.5583		.0141714
"KANSAS"	"VENEZUELA"	8	.0158103	76	.4	1999		7.600402		8.372221	4325.232	4325.232	.0013342	.0337554
"KENTUCKY"	"BOLIVIA"	2	.0039526			81	17	4.394449	2.833213	4.340765	76.76628	17	.084864	
"KENTUCKY"	"BRAZIL"	4	.0079051			889	1226	6.790097	7.111512	7.179293	1311.981	1226	.0023535	
"KENTUCKY"	"CHINA"	7	.013834	4	.0210526	7759	4868	8.956609	8.490438	8.966427	7835.554	4868	.0010373	.0015785
"KENTUCKY"	"COLOMBIA"	47	.0928854	14	.0736842	1943	4745	7.571989	8.464847	8.051885	3139.707	4745	.007145	.005668
"KENTUCKY"	"CUBA"	220	.4347826	32	.1684211	20350	29274	9.920836	10.28446	10.14989	25588.29	29274	.005421	.0020999
"KENTUCKY"	"DOMINICAN REPUBLIC"	11	.0217391	5	.0263158	614	384	6.419995	5.950643	6.385768	593.3405	384	.0206635	.0250137
"KENTUCKY"	"ECUADOR"	11	.0217391	2	.0105263	391	683	5.968708	6.526495	6.245728	515.8044	683	.0116175	.0056253
"KENTUCKY"	"EL SALVADOR"	57	.1126482	34	.1789474	1835	549	7.5148	6.308098	7.514884	1835.154	549	.0748936	.1189723
"KENTUCKY"	"GUATEMALA"	542	1.071146	380	2	8492	10156	9.04688	9.22582	9.231376	10212.58	10156	.0384963	.0718787
"KENTUCKY"	"HAITI"	9	.0177866	2	.0105263	1559	2772	7.3518	7.927324	7.670315	2143.757	2772	.002342	.001386
"KENTUCKY"	"HONDURAS"	312	.6166008	129	.6789474	5035	5668	8.524169	8.642591	8.738636	6239.379	5668	.039707	.0437219
"KENTUCKY"	"INDIA"	39	.0770751	8	.0421053	12782	13233	9.455793	9.490469	9.512477	13527.46	13233	.0021259	.0011614
"KENTUCKY"	"JAMAICA"	1	.0019763	1	.0052632	1180	1166	7.07327	7.061334	7.169589	1299.311	1166	.0006186	.0016476
"KENTUCKY"	"MEXICO"	782	1.545455	566	2.978947	34102	37065	10.43711	10.52043	10.47037	35255.2	37065	.015219	.0293354
"KENTUCKY"	"NICARAGUA"	105	.2075099	21	.1105263	324	1155	5.780744	7.051856	6.559944	706.2322	1155	.0655767	.0349282
"KENTUCKY"	"PERU"	31	.0612648	5	.0263158	1415	1072	7.254885	6.977282	7.376605	1598.155	1072	.0208598	.0089601
"KENTUCKY"	"ROMANIA"	11	.0217391	3	.0157895	210	275	5.347107	5.616771	5.270413	194.4963	275	.0288538	.0209569
"KENTUCKY"	"RUSSIA"	1	.0019763			1684	700	7.428927	6.55108	7.268711	1434.7	700	.0010305	
"KENTUCKY"	"UZBEKISTAN"	2	.0039526	1	.0052632	601	755	6.398595	6.626718	6.363104	580.0439	755	.0019108	.0025444
"KENTUCKY"	"VENEZUELA"	67	.1324111	49	.2578947	1509	7116	7.319202	8.870101	8.122177	3368.346	7116	.0067917	.0132282
"LOUISIANA"	"BOLIVIA"	2	.0039526	4	.0210526	368		5.908083		5.871416	354.7508	354.7508	.0040668	.0216609
"LOUISIANA"	"BRAZIL"	10	.0197628	15	.0789474	3083		8.033658		8.33471	4165.994	4165.994	.0017315	.0069169
"LOUISIANA"	"CHINA"	27	.0533597	21	.1105263	7749		8.955319		8.965098	7825.151	7825.151	.0024889	.0051554
"LOUISIANA"	"COLOMBIA"	58	.1146245	31	.1631579	2492		7.820841		8.281002	3948.149	3948.149	.0105969	.0150837
"LOUISIANA"	"CUBA"	65	.1284585	58	.3052632	7186		8.87989		9.219808	10095.12	10095.12	.0046446	.0110371
"LOUISIANA"	"DOMINICAN REPUBLIC"	39	.0770751	20	.1052632	4435		8.397283		8.433922	4600.507	4600.507	.0061151	.0083515
"LOUISIANA"	"ECUADOR"	16	.0316206	9	.0473684	1258		7.137279		7.400077	1636.111	1636.111	.0070542	.0105674
"LOUISIANA"	"EL SALVADOR"	111	.2193676	79	.4157895	4923		8.501674		8.522848	5028.355	5028.355	.0159235	.0301815
"LOUISIANA"	"GUATEMALA"	234	.4624506	235	1.236842	7226		8.885441		9.067865	8672.093	8672.093	.0194641	.0520575
"LOUISIANA"	"HAITI"	8	.0158103	7	.0368421	2259		7.722678		8.039208	3100.158	3100.158	.0018614	.0043376
"LOUISIANA"	"HONDURAS"	1053	2.081028	905	4.763158	48509		10.78951		10.92589	55597.36	55597.36	.0136621	.0312704
"LOUISIANA"	"INDIA"	12	.0237154	14	.0736842	8183		9.009814		9.053822	8551.154	8551.154	.0010123	.0031452
"LOUISIANA"	"JAMAICA"	11	.0217391	13	.0684211	1661		7.415175		7.510945	1827.941	1827.941	.0043408	.0136622
"LOUISIANA"	"MEXICO"	1116	2.205534	688	3.621053	27408		10.21859		10.25193	28337.13	28337.13	.0284087	.0466414
"LOUISIANA"	"NICARAGUA"	267	.527668	161	.8473684	6296		8.74767		9.193478	9832.786	9832.786	.0195874	.0314549
"LOUISIANA"	"PERU"	6	.0118577	3	.0157895	1056		6.962244		7.085444	1194.454	1194.454	.0036235	.0048249
"LOUISIANA"	"ROMANIA"	16	.0316206	5	.0263158	789		6.670766		6.604972	738.7591	738.7591	.0156228	.0130019
"LOUISIANA"	"RUSSIA"	1	.0019763	1	.0052632	1133		7.032624		6.841841	936.2109	936.2109	.0007705	.0020519
"LOUISIANA"	"UZBEKISTAN"	1	.0019763			12		2.484907		2.60973	13.59538	13.59538	.053058	
"LOUISIANA"	"VENEZUELA"	37	.0731225	47	.2473684	1622		7.391415		8.186389	3591.729	3591.729	.0074309	.0251382
"MAINE"	"BRAZIL"	3	.0059289	3	.0157895	659		6.490724		6.901139	993.4053	993.4053	.0021784	.0058014
"MAINE"	"CHINA"	6	.0118577	4	.0210526	2760		7.922986		7.901369	2700.976	2700.976	.0016024	.002845
"MAINE"	"COLOMBIA"	7	.013834	1	.0052632	266		5.583496		6.221088	503.2504	503.2504	.0100336	.0038173
"MAINE"	"DOMINICAN REPUBLIC"	8	.0158103	3	.0157895	138		4.927254		4.839528	126.4097	126.4097	.0456512	.0455911
"MAINE"	"ECUADOR"	39	.0770751	22	.1157895	191		5.252274		5.538013	254.1723	254.1723	.1106824	.1662776
"MAINE"	"EL SALVADOR"	7	.013834	4	.0210526	313		5.746203		5.708491	301.416	301.416	.0167523	.0254937
"MAINE"	"GUATEMALA"	9	.0177866	7	.0368421	262		5.568345		5.7082	301.3282	301.3282	.0215449	.044627
"MAINE"	"HAITI"	1	.0019763			171		5.141664		5.472005	237.9369	237.9369	.0030317	
"MAINE"	"HONDURAS"	10	.0197628	6	.0315789	301		5.70711		6.018675	411.0335	411.0335	.0175495	.0280423
"MAINE"	"INDIA"	1	.0019763			809		6.695799		6.674032	791.5806	791.5806	.0009113	
"MAINE"	"JAMAICA"	6	.0118577	4	.0210526	947		6.853299		6.949971	1043.12	1043.12	.0041492	.0073666
"MAINE"	"MEXICO"	5	.0098814	5	.0263158	843		6.736967		6.771595	872.7032	872.7032	.0041328	.0110063
"MAINE"	"NICARAGUA"	8	.0158103	1	.0052632	94		4.543295		5.461547	235.4615	235.4615	.0245083	.0081587
"MAINE"	"PERU"	2	.0039526			635		6.453625		6.5794	720.1068	720.1068	.0020034	
"MAINE"	"RUSSIA"	1	.0019763			824		6.71417		6.498824	664.36	664.36	.0010858	
"MAINE"	"VENEZUELA"	5	.0098814	4	.0210526	133		4.890349		5.962439	388.5567	388.5567	.0092824	.0197763
"MARYLAND"	"BOLIVIA"	3	.0059289	8	.0421053	8405	8039	9.036582	8.99206	9.035087	8392.44	8039	.0002692	.0019117
"MARYLAND"	"BRAZIL"	24	.0474308	34	.1789474	11497	11201	9.349841	9.323758	9.557602	14151.87	11201	.0015456	.0058312
"MARYLAND"	"CHINA"	7	.013834	12	.0631579	56212	64716	10.93689	11.07776	11.00693	60290.59	64716	.000078	.0003562
"MARYLAND"	"COLOMBIA"	40	.0790514	20	.1052632	13023	17504	9.474472	9.770185	9.803493	18096.84	17504	.0016484	.002195
"MARYLAND"	"CUBA"	4	.0079051	6	.0315789	3851	3387	8.256088	8.1277	8.662442	5781.637	3387	.0008519	.0034031
"MARYLAND"	"DOMINICAN REPUBLIC"	21	.041502	19	.1	14562	14078	9.586171	9.552368	9.66542	15762.98	14078	.001076	.0025927
"MARYLAND"	"ECUADOR"	76	.1501976	41	.2157895	7094	6062	8.867004	8.709795	9.108752	9034.016	6062	.0090436	.0129929
"MARYLAND"	"EL SALVADOR"	342	.6758893	426	2.242105	126223	139265	11.74581	11.84413	11.83631	138179.5	139265	.0017714	.0058763
"MARYLAND"	"GUATEMALA"	322	.6363636	505	2.657895	46209	51017	10.74093	10.83991	10.94717	56792.84	51017	.0045528	.0190159
"MARYLAND"	"HAITI"	12	.0237154	16	.0842105	10814	8827	9.288597	9.08557	9.596748	14716.85	8827	.0009806	.0034821
"MARYLAND"	"HONDURAS"	311	.6146245	326	1.715789	30078	37779	10.31155	10.53951	10.46441	35045.76	37779	.0059382	.016577
"MARYLAND"	"INDIA"	4	.0079051	11	.0578947	61821	61781	11.032	11.03135	11.13348	68424.41	61781	.0000467	.000342
"MARYLAND"	"JAMAICA"	11	.0217391	16	.0842105	26394	31831	10.18089	10.3682	10.27222	28918.14	31831	.0002493	.0009656
"MARYLAND"	"MEXICO"	233	.4604743	270	1.421053	36420	34100	10.50287	10.43705	10.53611	37650.71	34100	.0049288	.0152107
"MARYLAND"	"NICARAGUA"	137	.270751	71	.3736842	6599	8353	8.794673	9.030376	9.235199	10251.7	8353	.011831	.0163288
"MARYLAND"	"PERU"	43	.0849802	48	.2526316	18814	20207	9.842357	9.913784	9.950987	20972.91	20207	.001535	.0045633
"MARYLAND"	"ROMANIA"	19	.0375494	18	.0947368	2412	1538	7.788211	7.338238	7.731618	2279.288	1538	.0089113	.0224831
"MARYLAND"	"RUSSIA"	2	.0039526	3	.0157895	9599	7618	9.169415	8.93827	9.143445	9352.931	7618	.0001894	.0007565
"MARYLAND"	"UZBEKISTAN"	14	.027668	7	.0368421	1530	2031	7.333023	7.616283	7.259256	1421.199	2031	.0049723	.0066211
"MARYLAND"	"VENEZUELA"	39	.0770751	76	.4	5628	7855	8.635509	8.968905	9.292639	10857.8	7855	.0035815	.0185869
"MASSACHUSETTS"	"BOLIVIA"			1	.0052632	1397	804	7.242083	6.689599	7.220413	1367.053	804		.0023894
"MASSACHUSETTS"	"BRAZIL"	393	.7766798	767	4.036842	102788	130315	11.54042	11.77771	11.59292	108327.7	130315	.0021754	.0113068
"MASSACHUSETTS"	"CHINA"	4	.0079051	14	.0736842	120933	122449	11.70299	11.71545	11.79634	132765	122449	.0000236	.0002196
"MASSACHUSETTS"	"COLOMBIA"	150	.2964427	108	.5684211	27837	34767	10.23412	10.45642	10.5029	36420.91	34767	.0031122	.0059675
"MASSACHUSETTS"	"CUBA"	2	.0039526	5	.0263158	3692	3147	8.213923	8.054205	8.624768	5567.872	3147	.0004584	.0030522
"MASSACHUSETTS"	"DOMINICAN REPUBLIC"	288	.5691699	353	1.857895	102238	115778	11.53506	11.65943	11.68416	118676.4	115778	.0017944	.0058572
"MASSACHUSETTS"	"ECUADOR"	134	.2648221	328	1.726316	12380	20605	9.423838	9.933289	9.65881	15659.13	20605	.0046911	.0305802
"MASSACHUSETTS"	"EL SALVADOR"	111	.2193676	185	.9736842	46046	45703	10.7374	10.72992	10.80635	49333.02	45703	.0017519	.0077762
"MASSACHUSETTS"	"GUATEMALA"	228	.4505929	474	2.494737	33540	44621	10.42049	10.70596	10.62262	41052.94	44621	.0036859	.020407
"MASSACHUSETTS"	"HAITI"	57	.1126482	49	.2578947	59314	66614	10.9906	11.10667	11.28965	79989.06	66614	.0006172	.0014131
"MASSACHUSETTS"	"HONDURAS"	75	.1482213	100	.5263158	13938	11781	9.542375	9.374244	9.721746	16676.34	11781	.0045922	.0163064
"MASSACHUSETTS"	"INDIA"	16	.0316206	8	.0421053	84048	87430	11.33914	11.37859	11.44936	93841.26	87430	.000132	.0001758
"MASSACHUSETTS"	"JAMAICA"	16	.0316206	17	.0894737	21266	16739	9.964865	9.725496	10.05654	23307.8	16739	.0006895	.001951
"MASSACHUSETTS"	"MEXICO"	93	.1837945	103	.5421053	12827	14561	9.459308	9.586102	9.492928	13265.57	14561	.0046072	.0135889
"MASSACHUSETTS"	"NICARAGUA"	17	.0335968	16	.0842105	1417	2941	7.256297	7.986505	7.86969	2616.754	2941	.0041696	.0104512
"MASSACHUSETTS"	"PERU"	27	.0533597	19	.1	7933	8908	8.978786	9.094705	9.091785	8882.03	8908	.0021864	.0040974
"MASSACHUSETTS"	"ROMANIA"	10	.0197628	17	.0894737	3543	2746	8.172729	7.917901	8.119303	3358.678	2746	.0026269	.0118929
"MASSACHUSETTS"	"RUSSIA"	8	.0158103	4	.0210526	17956	20054	9.79568	9.906184	9.818015	18361.57	20054	.0002878	.0003832
"MASSACHUSETTS"	"VENEZUELA"	20	.0395257	26	.1368421	5908	6016	8.684063	8.702178	9.335813	11336.84	6016	.0023981	.0083024
"MICHIGAN"	"BRAZIL"	1	.0019763	8	.0421053	8284	9452	9.022081	9.153981	9.253074	10436.6	9452	.0000763	.0016259
"MICHIGAN"	"CHINA"	5	.0098814	15	.0789474	39573	38118	10.5859	10.54844	10.64527	41993.59	38118	.0000946	.000756
"MICHIGAN"	"COLOMBIA"	68	.1343874	58	.3052632	4069	8536	8.311152	9.052048	8.73243	6200.774	8536	.0057464	.0130531
"MICHIGAN"	"CUBA"	59	.1166008	29	.1526316	7064	10468	8.862766	9.256079	9.204507	9941.835	10468	.0040657	.005322
"MICHIGAN"	"DOMINICAN REPUBLIC"	25	.0494071	10	.0526316	3507	5244	8.162517	8.56484	8.190742	3607.396	5244	.0034389	.0036633
"MICHIGAN"	"ECUADOR"	19	.0375494	13	.0684211	931	1887	6.836259	7.542744	7.102721	1215.27	1887	.0072631	.0132346
"MICHIGAN"	"EL SALVADOR"	29	.0573123	31	.1631579	3326	3436	8.109526	8.142063	8.122319	3368.825	3436	.0060882	.017332
"MICHIGAN"	"GUATEMALA"	112	.2213439	195	1.026316	8501	10082	9.047939	9.218507	9.232449	10223.54	10082	.0080133	.0371558
"MICHIGAN"	"HAITI"	5	.0098814	5	.0263158	1733	4346	7.457609	8.377011	7.775558	2381.673	4346	.0008299	.0022101
"MICHIGAN"	"HONDURAS"	85	.1679842	113	.5947368	4353	5154	8.37862	8.547528	8.598104	5421.368	5154	.0118964	.0421185
"MICHIGAN"	"INDIA"	12	.0237154	15	.0789474	76926	90539	11.2506	11.41354	11.3583	85673.45	90539	.0000956	.0003183
"MICHIGAN"	"JAMAICA"	5	.0098814	2	.0105263	4895	6637	8.49597	8.800415	8.590006	5377.646	6637	.0005434	.0005789
"MICHIGAN"	"MEXICO"	516	1.019763	518	2.726316	79521	88399	11.28378	11.38962	11.31672	82184.34	88399	.0042106	.011257
"MICHIGAN"	"NICARAGUA"	122	.2411067	39	.2052632	816	2083	6.704414	7.641564	7.379822	1603.305	2083	.0422487	.0359679
"MICHIGAN"	"PERU"	4	.0079051	2	.0105263	1318	1355	7.183871	7.211557	7.305951	1489.135	1355	.0021294	.0028355
"MICHIGAN"	"ROMANIA"	14	.027668	5	.0263158	8646	9667	9.064852	9.176474	9.018772	8256.633	9667	.0010447	.0009936
"MICHIGAN"	"RUSSIA"	6	.0118577	4	.0210526	6134	5403	8.721602	8.594709	8.661092	5773.835	5403	.000801	.0014222
"MICHIGAN"	"UZBEKISTAN"	8	.0158103	6	.0315789	687	182	6.532334	5.204007	6.491365	659.4229	182	.0317074	.0633314
"MICHIGAN"	"VENEZUELA"	132	.2608696	239	1.257895	2592	9155	7.860185	9.122055	8.60322	5449.178	9155	.0104006	.0501509
"MINNESOTA"	"BOLIVIA"	1	.0019763	1	.0052632	443	336	6.09357	5.817111	6.058988	427.9422	336	.0021469	.0057174
"MINNESOTA"	"BRAZIL"	5	.0098814	8	.0421053	2886	3245	7.967627	8.08487	8.273359	3918.089	3245	.0011115	.004736
"MINNESOTA"	"CHINA"	9	.0177866	7	.0368421	19635	21413	9.885069	9.971753	9.923125	20396.64	21413	.0003032	.000628
"MINNESOTA"	"COLOMBIA"	21	.041502	21	.1105263	4172	6139	8.336151	8.722417	8.755445	6345.146	6139	.0024675	.0065714
"MINNESOTA"	"CUBA"	9	.0177866	10	.0526316	1295	1535	7.166266	7.336286	7.68869	2183.512	1535	.0042294	.012515
"MINNESOTA"	"DOMINICAN REPUBLIC"	8	.0158103	2	.0105263	2363	1697	7.767687	7.436617	7.781762	2396.494	1697	.0034006	.0022641
"MINNESOTA"	"ECUADOR"	395	.7806324	227	1.194737	8933	12911	9.097507	9.465835	9.336451	11344.07	12911	.0220688	.0337758
"MINNESOTA"	"EL SALVADOR"	27	.0533597	46	.2421053	7828	6021	8.965463	8.703009	8.996548	8075.158	6021	.0032347	.0146767
"MINNESOTA"	"GUATEMALA"	55	.1086956	79	.4157895	6639	9348	8.800716	9.142918	8.982053	7958.954	9348	.0042441	.0162348
"MINNESOTA"	"HONDURAS"	53	.1047431	77	.4052632	5298	7763	8.575085	8.957124	8.787797	6553.778	7763	.0049248	.0190546
"MINNESOTA"	"INDIA"	4	.0079051			31955	29128	10.37208	10.27946	10.45481	34711	29128	.0000991	
"MINNESOTA"	"JAMAICA"	3	.0059289	1	.0052632	1036	1538	6.943122	7.338238	7.03965	1140.989	1538	.001407	.0012491
"MINNESOTA"	"MEXICO"	341	.6739131	368	1.936842	61625	66936	11.02882	11.11149	11.06186	63694.98	66936	.0036748	.0105615
"MINNESOTA"	"NICARAGUA"	185	.3656127	73	.3842105	1369	2819	7.221836	7.944138	7.839101	2537.922	2819	.047339	.049747
"MINNESOTA"	"PERU"	4	.0079051	2	.0105263	2026	2429	7.613819	7.795235	7.733723	2284.09	2429	.0011879	.0015818
"MINNESOTA"	"ROMANIA"	10	.0197628			780	778	6.659294	6.656726	6.593405	730.2634	778	.0092718	
"MINNESOTA"	"RUSSIA"	2	.0039526			6133	4923	8.721439	8.501674	8.660916	5772.822	4923	.0002931	
"MINNESOTA"	"UZBEKISTAN"	1	.0019763			337	538	5.820083	6.287858	5.80829	333.049	538	.0013408	
"MINNESOTA"	"VENEZUELA"	31	.0612648	67	.3526316	2045	9043	7.623153	9.109746	8.39245	4413.619	9043	.0024728	.0142332
"MISSISSIPPI"	"BRAZIL"	4	.0079051	2	.0105263	530		6.272877		6.698734	811.3778	811.3778	.0035561	.0047353
"MISSISSIPPI"	"CHINA"	5	.0098814	6	.0315789	3511		8.163656		8.149359	3461.159	3461.159	.0010421	.0033302
"MISSISSIPPI"	"COLOMBIA"	48	.0948617	16	.0842105	943		6.849066		7.386293	1613.713	1613.713	.0214564	.0190473
"MISSISSIPPI"	"CUBA"	14	.027668	7	.0368421	864		6.761573		7.327097	1520.961	1520.961	.0066398	.0088414
"MISSISSIPPI"	"DOMINICAN REPUBLIC"	21	.041502	15	.0789474	1060		6.966024		6.951368	1044.578	1044.578	.0145018	.0275861
"MISSISSIPPI"	"ECUADOR"	23	.0454545	3	.0157895	110		4.70048		4.992934	147.3682	147.3682	.1125813	.0391072
"MISSISSIPPI"	"EL SALVADOR"	46	.0909091	24	.1263158	952		6.858565		6.844625	938.8207	938.8207	.0353441	.0491098
"MISSISSIPPI"	"GUATEMALA"	350	.6916996	290	1.526316	3798		8.242229		8.416399	4520.595	4520.595	.0558489	.1232371
"MISSISSIPPI"	"HAITI"	2	.0039526	1	.0052632	349		5.855072		6.181597	483.7638	483.7638	.0029822	.0039711
"MISSISSIPPI"	"HONDURAS"	198	.3913043	187	.9842106	5111		8.53915		8.753101	6330.29	6330.29	.0225623	.0567489
"MISSISSIPPI"	"INDIA"	20	.0395257	13	.0684211	4160		8.33327		8.358047	4264.356	4264.356	.0033831	.0058564
"MISSISSIPPI"	"JAMAICA"	6	.0118577	8	.0421053	1230		7.114769		7.211022	1354.276	1354.276	.0031959	.0113481
"MISSISSIPPI"	"MEXICO"	1072	2.118577	594	3.126316	17653		9.778661		9.812162	18254.42	18254.42	.0423613	.0625112
"MISSISSIPPI"	"NICARAGUA"	49	.0968379	15	.0789474	225		5.416101		6.236276	510.9522	510.9522	.0691764	.0563962
"MISSISSIPPI"	"PERU"	5	.0098814	3	.0157895	910		6.813445		6.937398	1030.087	1030.087	.0035014	.0055948
"MISSISSIPPI"	"ROMANIA"	5	.0098814	3	.0157895	129		4.859812		4.779105	118.9978	118.9978	.0303091	.0484308
"MISSISSIPPI"	"RUSSIA"			4	.0210526	400		5.991465		5.720375	305.0192	305.0192		.0251926
"MISSISSIPPI"	"VENEZUELA"	39	.0770751	36	.1894737	282		5.641907		6.630725	758.0319	758.0319	.0371124	.0912335
"MISSOURI"	"BRAZIL"	3	.0059289	7	.0368421	2093	3056	7.646354	8.024862	7.974858	2906.945	3056	.0007081	.0044003
"MISSOURI"	"CHINA"	4	.0079051	5	.0263158	19090	19274	9.85692	9.866512	9.89412	19813.53	19274	.0001497	.0004984
"MISSOURI"	"COLOMBIA"	106	.2094862	42	.2210526	3335	3536	8.112228	8.170752	8.549281	5163.042	3536	.021624	.0228179
"MISSOURI"	"CUBA"	15	.0296443	15	.0789474	3008	4805	8.00903	8.477412	8.441697	4636.417	4805	.0022519	.005997
"MISSOURI"	"DOMINICAN REPUBLIC"	3	.0059289	3	.0157895	1297	2495	7.167809	7.822044	7.160384	1287.405	2495	.0008673	.0023099
"MISSOURI"	"ECUADOR"	8	.0158103	8	.0421053	870	844	6.768493	6.738153	7.03578	1136.581	844	.0068374	.018209
"MISSOURI"	"EL SALVADOR"	45	.0889328	47	.2473684	5567	4307	8.624612	8.367997	8.648413	5701.09	4307	.0075367	.0209634
"MISSOURI"	"GUATEMALA"	265	.5237154	239	1.257895	7060	8666	8.862201	9.067163	9.044327	8470.348	8666	.0220582	.0529808
"MISSOURI"	"HAITI"	2	.0039526	3	.0157895	1411	2381	7.252054	7.775276	7.571103	1941.281	2381	.0006059	.0024205
"MISSOURI"	"HONDURAS"	282	.5573123	226	1.189474	6700	3638	8.809863	8.199189	9.014482	8221.291	3638	.0559151	.1193397
"MISSOURI"	"INDIA"	6	.0118577	2	.0105263	24436	26185	10.10381	10.17294	10.17892	26341.9	26185	.0001653	.0001467
"MISSOURI"	"JAMAICA"	5	.0098814	3	.0157895	2700	2311	7.901007	7.745436	7.995998	2969.052	2311	.0015607	.0024938
"MISSOURI"	"MEXICO"	453	.8952569	424	2.231579	42380	49200	10.65443	10.80365	10.68761	43809.66	49200	.0066416	.0165554
"MISSOURI"	"NICARAGUA"	109	.215415	29	.1526316	770	1899	6.64639	7.549083	7.328319	1522.819	1899	.0414042	.0293368
"MISSOURI"	"PERU"	13	.0256917	2	.0105263	1707	1322	7.442492	7.186901	7.563264	1926.122	1322	.0070934	.0029063
"MISSOURI"	"ROMANIA"	22	.0434783	3	.0157895	1535	1109	7.336286	7.011214	7.275971	1445.154	1109	.0143098	.0051967
"MISSOURI"	"RUSSIA"			6	.0315789	3705	4311	8.217439	8.368925	8.118042	3354.446	4311		.0026737
"MISSOURI"	"UZBEKISTAN"	1	.0019763	1	.0052632	204	619	5.31812	6.428105	5.326888	205.7966	619	.0011653	.0031035
"MISSOURI"	"VENEZUELA"	35	.06917	54	.2842105	1435	4226	7.26892	8.349011	8.077466	3221.061	4226	.0059742	.0245473
"MONTANA"	"COLOMBIA"	1	.0019763			233		5.451038		6.099134	445.472	445.472	.0016193	
"MONTANA"	"EL SALVADOR"	2	.0039526	1	.0052632	62		4.127134		4.054822	57.67489	57.67489	.0250141	.0333083
"MONTANA"	"GUATEMALA"			1	.0052632	150		5.010635		5.143333	171.2858	171.2858		.0112155
"MONTANA"	"HONDURAS"	4	.0079051	11	.0578947	99		4.59512		4.945012	140.4725	140.4725	.0205405	.1504321
"MONTANA"	"MEXICO"	7	.013834	19	.1	2727		7.910957		7.945151	2821.858	2821.858	.0017894	.0129347
"MONTANA"	"NICARAGUA"	1	.0019763	1	.0052632	109		4.691348		5.592964	268.5304	268.5304	.0026863	.0071539
"MONTANA"	"PERU"	4	.0079051	2	.0105263	154		5.036952		5.169894	175.8962	175.8962	.0164039	.021843
"MONTANA"	"VENEZUELA"			5	.0263158	300		5.703783		6.685745	800.9069	800.9069		.011993
"NEBRASKA"	"BOLIVIA"	1	.0019763			93		4.532599		4.480469	88.27604	88.27604	.0081715	
"NEBRASKA"	"CHINA"			1	.0052632	4715		8.458504		8.453174	4689.933	4689.933		.0004096
"NEBRASKA"	"COLOMBIA"	5	.0098814	15	.0789474	1828		7.510978		7.995712	2968.202	2968.202	.0012151	.0097082
"NEBRASKA"	"CUBA"	44	.0869565	21	.1105263	4233		8.350666		8.746947	6291.453	6291.453	.0050448	.0064122
"NEBRASKA"	"DOMINICAN REPUBLIC"			1	.0052632	538		6.287858		6.248897	517.4416	517.4416		.0037126
"NEBRASKA"	"ECUADOR"	2	.0039526	5	.0263158	71		4.26268		4.560462	95.62765	95.62765	.0150865	.1004444
"NEBRASKA"	"EL SALVADOR"	35	.06917	49	.2578947	6317		8.750999		8.777502	6486.654	6486.654	.0038922	.0145116
"NEBRASKA"	"GUATEMALA"	158	.312253	276	1.452632	11484		9.34871		9.53708	13864.4	13864.4	.0082205	.0382426
"NEBRASKA"	"HONDURAS"	37	.0731225	80	.4210526	2990		8.003029		8.235458	3772.369	3772.369	.0070751	.0407394
"NEBRASKA"	"INDIA"	1	.0019763	1	.0052632	6350		8.75621		8.793009	6588.024	6588.024	.0001095	.0002916
"NEBRASKA"	"MEXICO"	174	.3438735	289	1.521053	47534		10.7692		10.80233	49135.39	49135.39	.0025544	.0112991
"NEBRASKA"	"NICARAGUA"	15	.0296443	20	.1052632	669		6.505784		7.203512	1344.143	1344.143	.0080499	.028584
"NEBRASKA"	"PERU"	2	.0039526	1	.0052632	613		6.418365		6.544318	695.2822	695.2822	.002075	.002763
"NEBRASKA"	"ROMANIA"	1	.0019763			181		5.198497		5.120579	167.4323	167.4323	.0043083	
"NEBRASKA"	"RUSSIA"			1	.0052632	593		6.385194		6.144474	466.1342	466.1342		.0041212
"NEBRASKA"	"VENEZUELA"	3	.0059289	25	.131579	647		6.472346		7.369152	1586.288	1586.288	.0013642	.0302759
"NEVADA"	"BRAZIL"	1	.0019763	5	.0263158	3766	10382	8.233768	9.247828	8.520637	5017.247	10382	.0000695	.0009252
"NEVADA"	"CHINA"	3	.0059289	11	.0578947	28312	35110	10.25104	10.46624	10.30023	29739.4	35110	.0000616	.0006019
"NEVADA"	"COLOMBIA"	60	.1185771	30	.1578947	5406	6371	8.595264	8.759512	8.99401	8054.691	6371	.0067934	.0090459
"NEVADA"	"CUBA"	7	.013834	64	.3368421	24874	33024	10.12158	10.40499	10.32925	30615.21	33024	.0001529	.003723
"NEVADA"	"DOMINICAN REPUBLIC"	1	.0019763	2	.0105263	1352	1750	7.20934	7.467371	7.203404	1343.998	1750	.0004122	.0021955
"NEVADA"	"ECUADOR"	3	.0059289	4	.0210526	1264	1707	7.142036	7.442492	7.404777	1643.818	1707	.0012677	.0045016
"NEVADA"	"EL SALVADOR"	47	.0928854	103	.5421053	25305	29357	10.13876	10.28729	10.19492	26766.78	29357	.0011549	.0067401
"NEVADA"	"GUATEMALA"	39	.0770751	121	.6368421	14760	17641	9.599676	9.777981	9.791266	17876.93	17641	.0015947	.0131765
"NEVADA"	"HONDURAS"	43	.0849802	52	.2736842	4858	6186	8.488382	8.730044	8.704082	6027.469	6186	.0050142	.0161485
"NEVADA"	"INDIA"	3	.0059289	2	.0105263	9558	12825	9.165133	9.459151	9.213555	10032.2	12825	.0001687	.0002996
"NEVADA"	"JAMAICA"	1	.0019763	3	.0157895	2057	883	7.629004	6.783325	7.724432	2262.966	883	.0008169	.0065268
"NEVADA"	"MEXICO"	535	1.057312	856	4.505263	211588	222975	12.2624	12.31481	12.29498	218595.3	222975	.0017308	.0073749
"NEVADA"	"NICARAGUA"	14	.027668	48	.2526316	4210	6982	8.345218	8.85109	8.836248	6879.136	6982	.0014464	.0132069
"NEVADA"	"PERU"	9	.0177866	19	.1	5416	5221	8.597113	8.560444	8.712043	6075.641	5221	.0012435	.006991
"NEVADA"	"ROMANIA"	9	.0177866	4	.0210526	2728	1617	7.911324	7.388328	7.855745	2580.518	1617	.0040149	.0047521
"NEVADA"	"RUSSIA"	1	.0019763	2	.0105263	3156	2180	8.05706	7.68708	7.945293	2822.259	2180	.0003309	.0017624
"NEVADA"	"UZBEKISTAN"	1	.0019763			315	256	5.752573	5.545177	5.743544	312.1688	256	.0028177	
"NEVADA"	"VENEZUELA"	7	.013834	49	.2578947	2383	3440	7.776115	8.143227	8.528464	5056.674	3440	.0014679	.0273638
"NEW HAMPSHIRE"	"BRAZIL"	3	.0059289	16	.0842105	3215		8.075583		8.373663	4331.473	4331.473	.0004996	.0070962
"NEW HAMPSHIRE"	"CHINA"	2	.0039526			4670		8.448915		8.443293	4643.82	4643.82	.0003107	
"NEW HAMPSHIRE"	"COLOMBIA"	14	.027668	10	.0526316	1689		7.431892		7.922898	2759.757	2759.757	.0036593	.0069609
"NEW HAMPSHIRE"	"CUBA"			1	.0052632	241		5.484797		6.186303	486.0457	486.0457		.0039524
"NEW HAMPSHIRE"	"DOMINICAN REPUBLIC"	32	.0632411	26	.1368421	6484		8.777093		8.827345	6818.16	6818.16	.0033855	.0073256
"NEW HAMPSHIRE"	"ECUADOR"	4	.0079051	6	.0315789	322		5.774551		6.053934	425.7848	425.7848	.0067766	.0270708
"NEW HAMPSHIRE"	"EL SALVADOR"	5	.0098814	4	.0210526	1278		7.153052		7.145405	1268.265	1268.265	.0028438	.0060588
"NEW HAMPSHIRE"	"GUATEMALA"	6	.0118577	20	.1052632	999		6.906755		7.063787	1168.863	1168.863	.0037028	.0328705
"NEW HAMPSHIRE"	"HONDURAS"	8	.0158103	20	.1052632	1437		7.270313		7.527997	1859.378	1859.378	.0031036	.0206634
"NEW HAMPSHIRE"	"INDIA"			1	.0052632	7387		8.907477		8.948575	7696.916	7696.916		.0002496
"NEW HAMPSHIRE"	"JAMAICA"	1	.0019763			915		6.818924		6.915651	1007.927	1007.927	.0007157	
"NEW HAMPSHIRE"	"MEXICO"	13	.0256917	32	.1684211	1943		7.571989		7.606308	2010.839	2010.839	.0046635	.0305712
"NEW HAMPSHIRE"	"NICARAGUA"	1	.0019763	1	.0052632	301		5.70711		6.494585	661.5496	661.5496	.0010904	.0029039
"NEW HAMPSHIRE"	"PERU"	2	.0039526	5	.0263158	719		6.577861		6.703007	814.8526	814.8526	.0017705	.0117877
"NEW HAMPSHIRE"	"ROMANIA"	1	.0019763	1	.0052632	907		6.810143		6.745496	850.2206	850.2206	.0008484	.0022595
"NEW HAMPSHIRE"	"VENEZUELA"	3	.0059289	4	.0210526	181		5.198497		6.236444	511.0383	511.0383	.0042346	.0150365
"NEW JERSEY"	"BOLIVIA"	6	.0118577	1	.0052632	3308	3311	8.104099	8.105005	8.09212	3268.61	3311	.0013072	.0005802
"NEW JERSEY"	"BRAZIL"	201	.3972332	98	.5157894	49153	60160	10.80269	11.00476	10.90748	54582.93	60160	.0024101	.0031294
"NEW JERSEY"	"CHINA"	9	.0177866	13	.0684211	106695	118724	11.57773	11.68456	11.66726	116688.6	118724	.0000547	.0002104
"NEW JERSEY"	"COLOMBIA"	395	.7806324	262	1.378947	97057	108110	11.48305	11.5909	11.65279	115011.3	108110	.0026356	.0046556
"NEW JERSEY"	"CUBA"	119	.2351779	22	.1157895	45296	41816	10.72097	10.64103	10.86481	52303.05	41816	.0020528	.0010107
"NEW JERSEY"	"DOMINICAN REPUBLIC"	329	.6501976	212	1.11579	211013	222798	12.25968	12.31402	12.43474	251385.3	222798	.0010652	.0018279
"NEW JERSEY"	"ECUADOR"	727	1.436759	498	2.621053	99509	122301	11.508	11.71424	11.71761	122714	122301	.0042879	.0078224
"NEW JERSEY"	"EL SALVADOR"	102	.201581	144	.7578948	50794	55423	10.83553	10.92275	10.90658	54534.18	55423	.0013276	.0049913
"NEW JERSEY"	"GUATEMALA"	244	.4822134	450	2.368421	51700	71939	10.85321	11.18357	11.06089	63633.17	71939	.0024466	.0120168
"NEW JERSEY"	"HAITI"	34	.0671937	22	.1157895	48387	53024	10.78699	10.8785	11.08712	65324.34	53024	.0004625	.0007971
"NEW JERSEY"	"HONDURAS"	202	.3992095	252	1.326316	39076	48756	10.57326	10.79458	10.7171	45121.04	48756	.0029886	.0099291
"NEW JERSEY"	"INDIA"	25	.0494071	36	.1894737	274730	296806	12.52354	12.60083	12.66743	317243.9	296806	.0000608	.000233
"NEW JERSEY"	"JAMAICA"	37	.0731225	28	.1473684	49396	64407	10.80762	11.07298	10.89795	54065.48	64407	.0004144	.0008351
"NEW JERSEY"	"MEXICO"	565	1.116601	482	2.536842	105582	118504	11.56724	11.6827	11.60008	109106.8	118504	.0034392	.0078136
"NEW JERSEY"	"NICARAGUA"	199	.3932806	116	.6105263	6116	7854	8.718663	8.968779	9.16773	9582.85	7854	.018277	.0283731
"NEW JERSEY"	"PERU"	408	.8063241	186	.9789473	63217	70491	11.05433	11.16324	11.15683	70040.36	70491	.0041751	.005069
"NEW JERSEY"	"ROMANIA"	15	.0296443	10	.0526316	6185	5893	8.729882	8.68152	8.681044	5890.19	5893	.0018361	.0032599
"NEW JERSEY"	"RUSSIA"	5	.0098814	7	.0368421	19759	20595	9.891364	9.932803	9.92108	20354.96	20595	.0001751	.0006529
"NEW JERSEY"	"UZBEKISTAN"	4	.0079051	2	.0105263	2599	3877	7.862882	8.262817	7.76741	2362.345	3877	.0007442	.000991
"NEW JERSEY"	"VENEZUELA"	179	.3537549	119	.6263158	14122	25145	9.55549	10.13241	10.11069	24604.52	25145	.005135	.0090915
"NEW YORK"	"BOLIVIA"	1	.0019763	4	.0210526	5333	5423	8.581669	8.598405	8.575059	5297.864	5423	.000133	.001417
"NEW YORK"	"BRAZIL"	51	.1007905	43	.2263158	32327	32627	10.38366	10.3929	10.51814	36980.38	32627	.0011275	.0025318
"NEW YORK"	"CHINA"	48	.0948617	168	.8842105	475504	518693	13.07213	13.15907	13.20712	544223.4	518693	.0000668	.0006222
"NEW YORK"	"COLOMBIA"	597	1.179842	239	1.257895	116866	112485	11.66878	11.63058	11.82379	136459.9	112485	.0038284	.0040817
"NEW YORK"	"CUBA"	51	.1007905	15	.0789474	23619	21565	10.06981	9.978827	10.28299	29231.27	21565	.0017059	.0013362
"NEW YORK"	"DOMINICAN REPUBLIC"	614	1.213439	220	1.157895	488952	469548	13.10002	13.05953	13.3052	600311.8	469548	.0009433	.0009001
"NEW YORK"	"ECUADOR"	2362	4.667984	1144	6.021053	180274	215261	12.10223	12.27961	12.30461	220711	215261	.0079151	.0102094
"NEW YORK"	"EL SALVADOR"	222	.4387352	320	1.684211	115001	124802	11.6527	11.73448	11.74121	125644.2	124802	.0012831	.0049257
"NEW YORK"	"GUATEMALA"	220	.4347826	390	2.052632	67387	85067	11.11821	11.35119	11.32928	83223.47	85067	.0018655	.0088073
"NEW YORK"	"HAITI"	19	.0375494	43	.2263158	126120	137498	11.74499	11.83136	12.04	169396.5	137498	.0000997	.0006008
"NEW YORK"	"HONDURAS"	204	.4031621	277	1.457895	56253	62457	10.93761	11.04223	11.0689	64144.61	62457	.0023561	.00852
"NEW YORK"	"INDIA"	60	.1185771	61	.3210526	153459	155853	11.94119	11.95667	12.06852	174297.3	155853	.0002777	.0007519
"NEW YORK"	"JAMAICA"	174	.3438735	83	.4368421	231201	232221	12.35104	12.35544	12.43889	252430.8	232221	.0005405	.0006866
"NEW YORK"	"MEXICO"	340	.6719368	457	2.405263	212945	224181	12.26879	12.32021	12.30137	219996.9	224181	.001094	.0039161
"NEW YORK"	"NICARAGUA"	322	.6363636	51	.2684211	9977	10498	9.208037	9.25894	9.602114	14796.02	10498	.0221254	.0093326
"NEW YORK"	"PERU"	456	.9011858	103	.5421053	54937	59330	10.91394	10.99087	11.01715	60909.89	59330	.0055441	.003335
"NEW YORK"	"ROMANIA"	11	.0217391	8	.0421053	17811	13870	9.787572	9.537483	9.747443	17110.43	13870	.0005721	.001108
"NEW YORK"	"RUSSIA"	44	.0869565	33	.1736842	73712	62940	11.20792	11.04994	11.33918	84051.48	62940	.0005043	.0010072
"NEW YORK"	"UZBEKISTAN"	109	.215415	33	.1736842	33231	34782	10.41124	10.45685	10.21138	27211.09	34782	.0022606	.0018226
"NEW YORK"	"VENEZUELA"	332	.6561265	315	1.657895	22285	25844	10.01167	10.15983	10.51632	36913.04	25844	.0092666	.0234148
"NORTH CAROLINA"	"BOLIVIA"			1	.0052632	710	505	6.565265	6.224558	6.535986	689.5136	505		.0038041
"NORTH CAROLINA"	"BRAZIL"	20	.0395257	8	.0421053	10047	11122	9.21503	9.31668	9.432346	12485.79	11122	.0012971	.0013818
"NORTH CAROLINA"	"CHINA"	5	.0098814	4	.0210526	34351	42326	10.44439	10.65316	10.49945	36295.63	42326	.0000852	.0001815
"NORTH CAROLINA"	"COLOMBIA"	75	.1482213	60	.3157895	23062	32038	10.04594	10.37468	10.32964	30627.15	32038	.0016886	.0035977
"NORTH CAROLINA"	"CUBA"	19	.0375494	18	.0947368	9933	10966	9.203618	9.302555	9.509057	13481.28	10966	.0012498	.0031533
"NORTH CAROLINA"	"DOMINICAN REPUBLIC"	25	.0494071	12	.0631579	16421	17093	9.706316	9.746425	9.789871	17852.01	17093	.001055	.0013487
"NORTH CAROLINA"	"ECUADOR"	16	.0316206	22	.1157895	7873	9020	8.971194	9.1072	9.211675	10013.35	9020	.0012795	.0046855
"NORTH CAROLINA"	"EL SALVADOR"	123	.243083	125	.6578947	36568	42145	10.50693	10.64887	10.57096	38985.93	42145	.0021052	.0056977
"NORTH CAROLINA"	"GUATEMALA"	165	.326087	221	1.163158	28252	44066	10.24892	10.69344	10.44884	34504.36	44066	.002701	.0096345
"NORTH CAROLINA"	"HAITI"	2	.0039526	11	.0578947	5491	14572	8.610866	9.586857	8.922644	7499.89	14572	.000099	.0014501
"NORTH CAROLINA"	"HONDURAS"	317	.6264822	385	2.026316	49492	62999	10.80957	11.05087	10.94526	56684.78	62999	.0036297	.01174
"NORTH CAROLINA"	"INDIA"	2	.0039526	1	.0052632	83103	115239	11.32784	11.65476	11.43773	92756.29	115239	.0000125	.0000167
"NORTH CAROLINA"	"JAMAICA"	10	.0197628	6	.0315789	12353	15780	9.421655	9.666498	9.514205	13550.86	15780	.0004571	.0007304
"NORTH CAROLINA"	"MEXICO"	1013	2.001976	1046	5.505263	226263	240438	12.32945	12.39022	12.36201	233750.6	240438	.0030391	.0083573
"NORTH CAROLINA"	"NICARAGUA"	145	.2865613	66	.3473684	5145	10818	8.54578	9.288967	9.014274	8219.574	10818	.0096686	.0117202
"NORTH CAROLINA"	"PERU"	26	.0513834	22	.1157895	7063	9845	8.862625	9.194719	8.976212	7912.599	9845	.001905	.0042929
"NORTH CAROLINA"	"ROMANIA"	10	.0197628	16	.0842105	3230	3957	8.080237	8.283241	8.02605	3059.631	3957	.001823	.0077677
"NORTH CAROLINA"	"RUSSIA"			5	.0263158	8356	9140	9.030735	9.120416	8.994069	8055.167	9140		.0010509
"NORTH CAROLINA"	"UZBEKISTAN"			1	.0052632	472	1538	6.156979	7.338238	6.131385	460.0731	1538		.0012491
"NORTH CAROLINA"	"VENEZUELA"	61	.1205534	128	.6736842	12665	18778	9.446597	9.840442	10.01386	22333.83	18778	.0023433	.0130948
"NORTH DAKOTA"	"CHINA"			1	.0052632	1020		6.927558		6.875667	968.4207	968.4207		.0019837
"NORTH DAKOTA"	"COLOMBIA"	1	.0019763			235		5.459586		6.107004	448.9916	448.9916	.0016066	
"NORTH DAKOTA"	"CUBA"	4	.0079051	3	.0157895	44		3.78419		4.666815	106.3585	106.3585	.0271288	.0541862
"NORTH DAKOTA"	"ECUADOR"	2	.0039526	3	.0157895	68		4.219508		4.517815	91.63517	91.63517	.0157438	.0628924
"NORTH DAKOTA"	"EL SALVADOR"	1	.0019763	3	.0157895	149		5.003946		4.950372	141.2274	141.2274	.0051077	.0408076
"NORTH DAKOTA"	"GUATEMALA"	1	.0019763	12	.0631579	141		4.94876		5.080664	160.8809	160.8809	.0044837	.1432901
"NORTH DAKOTA"	"HAITI"			1	.0052632	219		5.389072		5.71809	304.3231	304.3231		.0063125
"NORTH DAKOTA"	"HONDURAS"	2	.0039526	7	.0368421	118		4.770685		5.114525	166.4218	166.4218	.0086689	.0808029
"NORTH DAKOTA"	"INDIA"	2	.0039526	1	.0052632	1261		7.13966		7.130509	1249.513	1249.513	.0011546	.0015374
"NORTH DAKOTA"	"JAMAICA"	2	.0039526	1	.0052632	393		5.97381		6.071893	433.5006	433.5006	.003328	.0044315
"NORTH DAKOTA"	"MEXICO"	29	.0573123	31	.1631579	3038		8.018954		8.053107	3143.548	3143.548	.0066546	.0189444
"NORTH DAKOTA"	"NICARAGUA"	46	.0909091	4	.0210526	29		3.367296		4.417695	82.90498	82.90498	.4002392	.092687
"NORTH DAKOTA"	"PERU"			1	.0052632	209		5.342334		5.473731	238.3478	238.3478		.0080599
"NORTH DAKOTA"	"ROMANIA"	3	.0059289			116		4.75359		4.672008	106.9122	106.9122	.0202412	
"NORTH DAKOTA"	"UZBEKISTAN"	1	.0019763			7		1.94591		2.092812	8.107682	8.107682	.0889704	
"NORTH DAKOTA"	"VENEZUELA"	5	.0098814	7	.0368421	4		1.386294		2.846631	17.22964	17.22964	.2093322	.7804786
"OHIO"	"BRAZIL"	13	.0256917	15	.0789474	5833	8081	8.671287	8.997271	8.927144	7533.719	8081	.0011604	.0035659
"OHIO"	"CHINA"	3	.0059289	12	.0631579	40431	41435	10.60735	10.63188	10.66738	42932.12	41435	.0000522	.0005564
"OHIO"	"COLOMBIA"	66	.1304348	34	.1789474	5445	8580	8.602453	9.057189	9.000628	8108.178	8580	.0055488	.0076126
"OHIO"	"CUBA"	13	.0256917	9	.0473684	2099	2968	7.649216	7.995644	8.120204	3361.706	2968	.0031595	.0058253
"OHIO"	"DOMINICAN REPUBLIC"	18	.0355731	30	.1578947	7263	9003	8.890549	9.105313	8.944866	7668.422	9003	.0014422	.0064014
"OHIO"	"ECUADOR"	34	.0671937	34	.1789474	1869	6048	7.533159	8.707483	7.79114	2419.073	6048	.0040552	.0107996
"OHIO"	"EL SALVADOR"	33	.0652174	67	.3526316	8640	6596	9.064157	8.794219	9.097352	8931.61	6596	.0036089	.0195134
"OHIO"	"GUATEMALA"	196	.3873518	261	1.373684	11930	13620	9.386811	9.519295	9.575669	14409.88	13620	.0103806	.0368131
"OHIO"	"HAITI"	4	.0079051	19	.1	3436	14872	8.142063	9.607236	8.45635	4704.855	14872	.000194	.0024543
"OHIO"	"HONDURAS"	101	.1996047	159	.8368421	7661	10878	8.943898	9.294497	9.143898	9357.169	10878	.0066975	.0280794
"OHIO"	"INDIA"	6	.0118577	18	.0947368	65192	70580	11.08509	11.1645	11.18809	72264.38	70580	.0000613	.0004899
"OHIO"	"JAMAICA"	14	.027668	5	.0263158	4485	4860	8.408494	8.488793	8.50267	4927.91	4860	.0020779	.0019764
"OHIO"	"MEXICO"	374	.7391304	508	2.673684	49656	48708	10.81287	10.7936	10.84599	51328.07	48708	.0055388	.0200356
"OHIO"	"NICARAGUA"	165	.326087	59	.3105263	1898	3760	7.548556	8.232174	8.129107	3391.771	3760	.0316547	.0301442
"OHIO"	"PERU"	16	.0316206	10	.0526316	3533	4536	8.169903	8.419801	8.286994	3971.877	4536	.0025444	.0042351
"OHIO"	"ROMANIA"	11	.0217391	1	.0052632	5634	5782	8.636575	8.662505	8.586968	5361.336	5782	.0013723	.0003322
"OHIO"	"RUSSIA"	4	.0079051	5	.0263158	8313	8316	9.025576	9.025937	8.988511	8010.521	8316	.000347	.001155
"OHIO"	"UZBEKISTAN"	17	.0335968	16	.0842105	3833	1482	8.251403	7.301148	8.140017	3428.975	1482	.0082745	.0207401
"OHIO"	"VENEZUELA"	55	.1086956	107	.5631579	5254	13676	8.566745	9.523397	9.231493	10213.78	13676	.002901	.0150302
"OKLAHOMA"	"BOLIVIA"	1	.0019763	2	.0105263	212	545	5.356586	6.300786	5.313719	203.1042	545	.0013236	.0070497
"OKLAHOMA"	"BRAZIL"	1	.0019763	3	.0157895	1235	1682	7.118826	7.427739	7.484722	1780.629	1682	.0004289	.0034264
"OKLAHOMA"	"CHINA"	28	.055336	101	.531579	8860	8105	9.089302	9.000237	9.103156	8983.601	8105	.002492	.0239391
"OKLAHOMA"	"COLOMBIA"	33	.0652174	19	.1	1970	1605	7.585789	7.380879	8.06459	3179.854	1605	.0148314	.0227414
"OKLAHOMA"	"CUBA"	41	.0810277	38	.2	1359	3384	7.214504	8.126814	7.731791	2279.68	3384	.0087397	.0215721
"OKLAHOMA"	"DOMINICAN REPUBLIC"	5	.0098814	1	.0052632	952	996	6.858565	6.903747	6.840057	934.5423	996	.0036212	.0019288
"OKLAHOMA"	"ECUADOR"	10	.0197628	7	.0368421	977	1034	6.884487	6.94119	7.150362	1274.567	1034	.0069762	.0130052
"OKLAHOMA"	"EL SALVADOR"	41	.0810277	62	.3263158	3709	6322	8.218517	8.751791	8.23364	3765.514	6322	.0046781	.0188398
"OKLAHOMA"	"GUATEMALA"	306	.6047431	280	1.473684	11797	11879	9.375601	9.382527	9.564315	14247.19	11879	.0185816	.0452811
"OKLAHOMA"	"HONDURAS"	218	.43083	243	1.278947	5096	8314	8.536211	9.025696	8.750263	6312.35	8314	.0189142	.0561482
"OKLAHOMA"	"INDIA"	2	.0039526	3	.0157895	9529	9352	9.162095	9.143346	9.21043	10000.9	9352	.0001543	.0006162
"OKLAHOMA"	"JAMAICA"	1	.0019763	1	.0052632	903	634	6.805723	6.452049	6.902471	994.7297	634	.0011378	.0030301
"OKLAHOMA"	"MEXICO"	1314	2.596838	1017	5.352632	106067	106143	11.57183	11.57254	11.60466	109607.7	106143	.0089299	.0184064
"OKLAHOMA"	"NICARAGUA"	32	.0632411	22	.1157895	477	2125	6.167517	7.661527	6.903256	995.5107	2125	.0108626	.0198885
"OKLAHOMA"	"PERU"	3	.0059289	4	.0210526	1430	2121	7.265429	7.659643	7.387096	1615.01	2121	.0010203	.0036229
"OKLAHOMA"	"ROMANIA"	4	.0079051			379	323	5.937536	5.777652	5.865704	352.7303	323	.0089331	
"OKLAHOMA"	"RUSSIA"	1	.0019763	1	.0052632	1331	1151	7.193686	7.048387	7.015325	1113.569	1151	.0006267	.001669
"OKLAHOMA"	"VENEZUELA"	35	.06917	86	.4526316	4065	7811	8.310169	8.963288	9.003345	8130.238	7811	.0032322	.021151
"OREGON"	"BRAZIL"	1	.0019763	2	.0105263	1914	3526	7.556951	8.167919	7.891792	2675.233	3526	.0002046	.0010896
"OREGON"	"CHINA"	1	.0019763	6	.0315789	27105	24191	10.20747	10.09374	10.25533	28433.83	24191	.0000298	.0004765
"OREGON"	"COLOMBIA"	5	.0098814	13	.0684211	1956	3765	7.578657	8.233503	8.058023	3159.04	3765	.000958	.0066331
"OREGON"	"CUBA"	8	.0158103	1	.0052632	2544	4919	7.841493	8.50086	8.292003	3991.821	4919	.0011732	.0003905
"OREGON"	"ECUADOR"	2	.0039526	3	.0157895	837	827	6.729824	6.717805	6.997581	1093.984	827	.0017445	.0069688
"OREGON"	"EL SALVADOR"			5	.0263158	3540	3852	8.171882	8.256348	8.186007	3590.359	3852		.0024936
"OREGON"	"GUATEMALA"	10	.0197628	31	.1631579	8848	14041	9.087947	9.549737	9.27297	10646.33	14041	.0005137	.0042413
"OREGON"	"HAITI"			2	.0105263	478	567	6.169611	6.340359	6.494452	661.4617	567		.0067762
"OREGON"	"HONDURAS"	22	.0434783	50	.2631579	1584	925	7.367709	6.829794	7.622036	2042.717	925	.0171563	.1038407
"OREGON"	"INDIA"			7	.0368421	18787	20350	9.84092	9.920836	9.908551	20101.53	20350		.0006608
"OREGON"	"JAMAICA"			1	.0052632	799	1039	6.683361	6.946014	6.780306	880.338	1039		.0018489
"OREGON"	"MEXICO"	78	.1541502	113	.5947368	140429	142838	11.85246	11.86947	11.88519	145101.7	142838	.0003939	.0015198
"OREGON"	"NICARAGUA"	3	.0059289	10	.0526316	1167	2281	7.062191	7.732369	7.697396	2202.605	2281	.0009487	.008422
"OREGON"	"PERU"	2	.0039526	1	.0052632	2738	1499	7.914983	7.312553	8.033363	3082.09	1499	.0009624	.0012816
"OREGON"	"ROMANIA"	1	.0019763			3586	3939	8.184793	8.278682	8.131466	3399.78	3939	.0001831	
"OREGON"	"RUSSIA"	1	.0019763	1	.0052632	5370	4379	8.588583	8.384576	8.517813	5003.099	4379	.0001647	.0004387
"OREGON"	"VENEZUELA"	7	.013834	40	.2105263	1477	3590	7.297768	8.185907	8.103118	3304.756	3590	.0014065	.0214045
"PENNSYLVANIA"	"BOLIVIA"			1	.0052632	1000	263	6.907755	5.572154	6.882327	974.8924	263		.0073044
"PENNSYLVANIA"	"BRAZIL"	68	.1343874	104	.5473684	15810	16179	9.668398	9.691469	9.85358	19026.34	16179	.0030318	.0123487
"PENNSYLVANIA"	"CHINA"	42	.083004	36	.1894737	78608	79519	11.27223	11.28375	11.35247	85175.85	79519	.000381	.0008697
"PENNSYLVANIA"	"COLOMBIA"	60	.1185771	84	.4421053	13492	19647	9.509852	9.88568	9.836067	18696.04	19647	.0022029	.0082134
"PENNSYLVANIA"	"CUBA"	21	.041502	14	.0736842	5244	10692	8.56484	9.277251	8.938312	7618.323	10692	.0014168	.0025154
"PENNSYLVANIA"	"DOMINICAN REPUBLIC"	289	.5711462	334	1.757895	92787	121561	11.43806	11.70817	11.58368	107332	121561	.0017149	.0052783
"PENNSYLVANIA"	"ECUADOR"	98	.1936759	174	.9157895	9726	17241	9.182558	9.755046	9.420466	12338.34	17241	.0041002	.0193877
"PENNSYLVANIA"	"EL SALVADOR"	57	.1126482	72	.3789474	6933	11138	8.844048	9.318118	8.872539	7133.367	11138	.0036916	.0124184
"PENNSYLVANIA"	"GUATEMALA"	186	.3675889	460	2.421053	15741	20365	9.664024	9.921573	9.856441	19080.85	20365	.0065883	.0433923
"PENNSYLVANIA"	"HAITI"	18	.0355731	52	.2736842	16774	27353	9.727586	10.21658	10.03339	22774.3	27353	.0004747	.0036521
"PENNSYLVANIA"	"HONDURAS"	108	.2134387	223	1.173684	9302	14951	9.137984	9.612534	9.331294	11285.73	14951	.0052107	.0286533
"PENNSYLVANIA"	"INDIA"	21	.041502	38	.2	101124	104965	11.5241	11.56138	11.63958	113502.1	104965	.0001443	.0006955
"PENNSYLVANIA"	"JAMAICA"	46	.0909091	34	.1789474	21824	30245	9.990766	10.31709	10.0824	23918.4	30245	.0010971	.0021596
"PENNSYLVANIA"	"MEXICO"	366	.7233202	568	2.989474	55881	58859	10.93098	10.9829	10.96405	57760.14	58859	.0044855	.0185385
"PENNSYLVANIA"	"NICARAGUA"	32	.0632411	71	.3736842	1850	4267	7.522941	8.358666	8.106371	3315.524	4267	.0054097	.031965
"PENNSYLVANIA"	"PERU"	30	.0592885	48	.2526316	7439	5077	8.914492	8.532475	9.027816	8331.642	5077	.0042624	.0181624
"PENNSYLVANIA"	"ROMANIA"	23	.0454545	15	.0789474	5402	4951	8.594524	8.507345	8.544572	5138.785	4951	.003351	.0058202
"PENNSYLVANIA"	"RUSSIA"	27	.0533597	27	.1421053	16279	17328	9.697631	9.760079	9.712403	16521.26	17328	.001124	.0029933
"PENNSYLVANIA"	"UZBEKISTAN"	111	.2193676	48	.2526316	5113	4962	8.539541	8.509564	8.416352	4520.384	4962	.0161365	.0185833
"PENNSYLVANIA"	"VENEZUELA"	50	.0988142	175	.9210526	6011	11942	8.701346	9.387816	9.351181	11512.41	11942	.0030202	.0281514
"PUERTO RICO"	"BRAZIL"	2	.0039526	1	.0052632									
"PUERTO RICO"	"CHINA"	1	.0019763	12	.0631579									
"PUERTO RICO"	"COLOMBIA"	14	.027668	12	.0631579									
"PUERTO RICO"	"CUBA"	3	.0059289	12	.0631579									
"PUERTO RICO"	"DOMINICAN REPUBLIC"	294	.5810277	310	1.631579									
"PUERTO RICO"	"ECUADOR"	6	.0118577	3	.0157895									
"PUERTO RICO"	"EL SALVADOR"			1	.0052632									
"PUERTO RICO"	"GUATEMALA"	3	.0059289	1	.0052632									
"PUERTO RICO"	"HAITI"	2	.0039526	13	.0684211									
"PUERTO RICO"	"HONDURAS"	2	.0039526	1	.0052632									
"PUERTO RICO"	"INDIA"	2	.0039526											
"PUERTO RICO"	"JAMAICA"	3	.0059289											
"PUERTO RICO"	"MEXICO"	12	.0237154	5	.0263158									
"PUERTO RICO"	"NICARAGUA"	7	.013834	1	.0052632									
"PUERTO RICO"	"ROMANIA"	9	.0177866	3	.0157895									
"PUERTO RICO"	"RUSSIA"	1	.0019763											
"PUERTO RICO"	"UZBEKISTAN"			1	.0052632									
"PUERTO RICO"	"VENEZUELA"	14	.027668	13	.0684211									
"RHODE ISLAND"	"BOLIVIA"	3	.0059289	2	.0105263									
"RHODE ISLAND"	"BRAZIL"	10	.0197628	24	.1263158									
"RHODE ISLAND"	"CHINA"	4	.0079051	1	.0052632									
"RHODE ISLAND"	"COLOMBIA"	27	.0533597	7	.0368421									
"RHODE ISLAND"	"CUBA"	2	.0039526	1	.0052632									
"RHODE ISLAND"	"DOMINICAN REPUBLIC"	102	.201581	50	.2631579									
"RHODE ISLAND"	"ECUADOR"	18	.0355731	17	.0894737									
"RHODE ISLAND"	"EL SALVADOR"	6	.0118577	8	.0421053									
"RHODE ISLAND"	"GUATEMALA"	101	.1996047	146	.7684211									
"RHODE ISLAND"	"HAITI"	1	.0019763	2	.0105263									
"RHODE ISLAND"	"HONDURAS"	11	.0217391	15	.0789474									
"RHODE ISLAND"	"INDIA"			2	.0105263									
"RHODE ISLAND"	"JAMAICA"			1	.0052632									
"RHODE ISLAND"	"MEXICO"	9	.0177866	12	.0631579									
"RHODE ISLAND"	"NICARAGUA"	17	.0335968	1	.0052632									
"RHODE ISLAND"	"PERU"	8	.0158103	5	.0263158									
"RHODE ISLAND"	"RUSSIA"			1	.0052632									
"RHODE ISLAND"	"VENEZUELA"	6	.0118577	9	.0473684									
"SOUTH CAROLINA"	"BOLIVIA"	2	.0039526	1	.0052632	456	1173	6.122493	7.06732	6.088236	440.6436	1173	.0012299	.0016377
"SOUTH CAROLINA"	"BRAZIL"	42	.083004	60	.3157895	5933	9787	8.688285	9.18881	8.942937	7653.642	9787	.0030956	.0117772
"SOUTH CAROLINA"	"CHINA"	3	.0059289	6	.0315789	10374	12925	9.247058	9.466919	9.26571	10569.31	12925	.0001674	.0008918
"SOUTH CAROLINA"	"COLOMBIA"	52	.1027668	57	.3	13720	17131	9.52661	9.748645	9.851497	18986.75	17131	.0021896	.0063919
"SOUTH CAROLINA"	"CUBA"	10	.0197628	7	.0368421	4478	4452	8.406932	8.401109	8.79722	6615.828	4452	.0016203	.0030205
"SOUTH CAROLINA"	"DOMINICAN REPUBLIC"	8	.0158103	6	.0315789	3192	3315	8.068403	8.106213	8.093256	3272.325	3315	.0017408	.003477
"SOUTH CAROLINA"	"ECUADOR"	13	.0256917	14	.0736842	2611	1658	7.867488	7.413367	8.121401	3365.732	1658	.0056559	.0162212
"SOUTH CAROLINA"	"EL SALVADOR"	39	.0770751	60	.3157895	4100	5707	8.318742	8.649448	8.336006	4171.396	5707	.0049295	.0201968
"SOUTH CAROLINA"	"GUATEMALA"	244	.4822134	350	1.842105	10334	11438	9.243195	9.344696	9.43021	12459.14	11438	.015388	.0587837
"SOUTH CAROLINA"	"HAITI"	2	.0039526			1280	1792	7.154615	7.491087	7.474186	1761.967	1792	.0008051	
"SOUTH CAROLINA"	"HONDURAS"	300	.5928854	415	2.184211	15455	12409	9.645688	9.426177	9.821499	18425.65	12409	.0174392	.0642467
"SOUTH CAROLINA"	"INDIA"	8	.0158103	13	.0684211	19547	21898	9.880577	9.99415	9.949335	20938.29	21898	.0002635	.0011405
"SOUTH CAROLINA"	"JAMAICA"	23	.0454545	24	.1263158	8017	11401	8.98932	9.341456	9.082564	8800.505	11401	.0014552	.004044
"SOUTH CAROLINA"	"MEXICO"	774	1.529644	854	4.494737	65401	73694	11.08829	11.20768	11.12131	67596.35	73694	.0075762	.022262
"SOUTH CAROLINA"	"NICARAGUA"	50	.0988142	47	.2473684	1663	1855	7.416378	7.52564	8.011783	3016.289	1855	.0194432	.0486736
"SOUTH CAROLINA"	"PERU"	7	.013834	10	.0526316	1659	2462	7.41397	7.808729	7.534886	1872.231	2462	.0020509	.0078028
"SOUTH CAROLINA"	"ROMANIA"	3	.0059289	4	.0210526	1743	988	7.463363	6.895683	7.404096	1642.699	988	.0021903	.0077775
"SOUTH CAROLINA"	"RUSSIA"	1	.0019763	4	.0210526	3757	5036	8.231376	8.524367	8.133054	3405.182	5036	.0001432	.0015259
"SOUTH CAROLINA"	"UZBEKISTAN"	6	.0118577	2	.0105263	666	381	6.50129	5.9428	6.461592	640.0794	381	.0113597	.0100843
"SOUTH CAROLINA"	"VENEZUELA"	69	.1363636	83	.4368421	5372	9358	8.588956	9.143987	9.251243	10417.5	9358	.0053187	.0170386
"SOUTH DAKOTA"	"COLOMBIA"			2	.0105263	139		4.934474		5.623536	276.8667	276.8667		.0138771
"SOUTH DAKOTA"	"CUBA"			2	.0105263	520		6.253829		6.87343	966.2574	966.2574		.0039763
"SOUTH DAKOTA"	"ECUADOR"			1	.0052632	136		4.912655		5.202527	181.7308	181.7308		.0105709
"SOUTH DAKOTA"	"EL SALVADOR"	4	.0079051	5	.0263158	1688		7.4313		7.429599	1685.132	1685.132	.0017123	.0057
"SOUTH DAKOTA"	"GUATEMALA"	18	.0355731	36	.1894737	2627		7.873598		8.043036	3112.049	3112.049	.0041722	.0222226
"SOUTH DAKOTA"	"HAITI"			1	.0052632	172		5.147494		5.477805	239.3208	239.3208		.0080271
"SOUTH DAKOTA"	"HONDURAS"	3	.0059289	17	.0894737	318		5.762052		6.071723	433.4266	433.4266	.0049928	.0753482
"SOUTH DAKOTA"	"JAMAICA"			1	.0052632	155		5.043425		5.143002	171.229	171.229		.0112192
"SOUTH DAKOTA"	"MEXICO"	13	.0256917	48	.2526316	4168		8.335192		8.369227	4312.303	4312.303	.0021746	.0213831
"SOUTH DAKOTA"	"NICARAGUA"	12	.0237154	23	.1210526	141		4.94876		5.821451	337.4612	337.4612	.0256507	.1309312
"SOUTH DAKOTA"	"VENEZUELA"	4	.0079051	1	.0052632	23		3.135494		4.402021	81.61564	81.61564	.0353532	.0235378
"TENNESSEE"	"BOLIVIA"	1	.0019763	2	.0105263	277	154	5.624018	5.036952	5.584157	266.1758	154	.0046841	.0249487
"TENNESSEE"	"BRAZIL"	1	.0019763	2	.0105263	3321	3658	8.108021	8.204672	8.403802	4464.006	3658	.0001972	.0010503
"TENNESSEE"	"CHINA"	7	.013834	24	.1263158	14422	14793	9.57651	9.60191	9.605182	14841.49	14793	.0003413	.0031167
"TENNESSEE"	"COLOMBIA"	79	.1561265	76	.4	5481	7373	8.609043	8.90558	9.006696	8157.522	7373	.007729	.019802
"TENNESSEE"	"CUBA"	36	.0711462	39	.2052632	6416	11105	8.76655	9.31515	9.118539	9122.862	11105	.0023384	.0067466
"TENNESSEE"	"DOMINICAN REPUBLIC"	11	.0217391	14	.0736842	2471	2757	7.812378	7.921898	7.828055	2510.042	2757	.002878	.0097551
"TENNESSEE"	"ECUADOR"	13	.0256917	15	.0789474	1132	747	7.031741	6.616065	7.295824	1474.131	747	.0125535	.0385754
"TENNESSEE"	"EL SALVADOR"	94	.1857708	92	.4842105	11216	11666	9.325097	9.364434	9.363868	11659.4	11666	.0058123	.0151497
"TENNESSEE"	"GUATEMALA"	710	1.403162	897	4.721053	27618	37582	10.22622	10.53428	10.42585	33720.25	37582	.0136276	.0458513
"TENNESSEE"	"HAITI"	1	.0019763	4	.0210526	1742	1762	7.462789	7.474205	7.780711	2393.976	1762	.0004094	.0043611
"TENNESSEE"	"HONDURAS"	598	1.181818	532	2.8	25569	33059	10.14914	10.40605	10.30759	29959.28	33059	.0130483	.0309144
"TENNESSEE"	"INDIA"	7	.013834	18	.0947368	24987	26797	10.12611	10.19604	10.20185	26952.95	26797	.0001884	.0012904
"TENNESSEE"	"JAMAICA"	26	.0513834	17	.0894737	3128	5213	8.048149	8.55891	8.142903	3438.888	5213	.0035977	.0062647
"TENNESSEE"	"MEXICO"	1045	2.065217	1185	6.236842	98353	98568	11.49632	11.4985	11.52918	101639.1	98568	.0076476	.0230952
"TENNESSEE"	"NICARAGUA"	222	.4387352	129	.6789474	1507	3280	7.317876	8.095599	7.92435	2763.767	3280	.0488227	.0755536
"TENNESSEE"	"PERU"	22	.0434783	18	.0947368	2406	3462	7.785721	8.149602	7.904756	2710.14	3462	.0045839	.0099881
"TENNESSEE"	"ROMANIA"	18	.0355731	13	.0684211	1806	2340	7.49887	7.757906	7.439895	1702.571	2340	.0055488	.0106725
"TENNESSEE"	"RUSSIA"	8	.0158103	1	.0052632	2542	2414	7.840706	7.789041	7.712251	2235.569	2414	.0023905	.0007958
"TENNESSEE"	"UZBEKISTAN"	16	.0316206	5	.0263158	1175	47	7.069024	3.850147	7.00607	1103.31	47	.2455639	.2043673
"TENNESSEE"	"VENEZUELA"	119	.2351779	288	1.51579	8918	22187	9.095827	10.00726	9.701953	16349.51	22187	.0038689	.0249364
"TEXAS"	"BOLIVIA"	7	.013834	8	.0421053	4203	7101	8.343554	8.86799	8.334267	4164.146	7101	.0007111	.0021643
"TEXAS"	"BRAZIL"	67	.1324111	24	.1263158	29052	43453	10.27684	10.67943	10.4189	33486.53	43453	.0011122	.001061
"TEXAS"	"CHINA"	31	.0612648	85	.4473684	155131	169098	11.95203	12.03823	12.05294	171603.9	169098	.0001322	.0009656
"TEXAS"	"COLOMBIA"	855	1.689723	576	3.031579	63777	80489	11.06315	11.29588	11.26618	78133.88	80489	.0076625	.0137475
"TEXAS"	"CUBA"	764	1.509881	1087	5.721053	72304	156621	11.18863	11.96158	11.28266	79432.54	156621	.0035187	.0133327
"TEXAS"	"DOMINICAN REPUBLIC"	183	.3616601	23	.1210526	14035	23243	9.54931	10.05376	9.627237	15172.46	23243	.0056794	.001901
"TEXAS"	"ECUADOR"	508	1.003953	152	.8	12976	13056	9.470857	9.477003	9.705256	16403.61	13056	.028067	.0223652
"TEXAS"	"EL SALVADOR"	1419	2.804348	1409	7.41579	223016	234722	12.315	12.36616	12.41767	247128.9	234722	.0043608	.0115318
"TEXAS"	"GUATEMALA"	2287	4.519763	2410	12.68421	91831	111002	11.4277	11.6173	11.64275	113863.4	111002	.014862	.0417086
"TEXAS"	"HAITI"	23	.0454545	9	.0473684	5169	7287	8.550434	8.893847	8.862535	7062.367	7287	.0022768	.0023726
"TEXAS"	"HONDURAS"	4522	8.936759	4239	22.31053	162456	229138	11.99816	12.34208	12.09289	178597.3	229138	.0142356	.035539
"TEXAS"	"INDIA"	36	.0711462	126	.6631579	327368	431939	12.69884	12.97604	12.8477	379915.8	431939	.0000601	.0005604
"TEXAS"	"JAMAICA"	16	.0316206	12	.0631579	19834	21820	9.895153	9.990582	9.986943	21740.74	21820	.0005289	.0010565
"TEXAS"	"MEXICO"	14950	29.54545	14142	74.43158	2392319	2.4e+06	14.68777	14.70168	14.71946	2469328	2425829	.0044455	.0111993
"TEXAS"	"NICARAGUA"	2729	5.393281	735	3.868421	21985	42933	9.998116	10.6674	10.30341	29834.2	42933	.0458516	.0328878
"TEXAS"	"PERU"	192	.3794466	76	.4	24114	24386	10.09055	10.10176	10.19792	26847.33	24386	.0056794	.005987
"TEXAS"	"ROMANIA"	78	.1541502	51	.2684211	6940	7691	8.845057	8.947806	8.797168	6615.481	7691	.0073157	.0127387
"TEXAS"	"RUSSIA"	9	.0177866	13	.0684211	17720	20350	9.782449	9.920836	9.803763	18101.74	20350	.000319	.0012272
"TEXAS"	"UZBEKISTAN"	3	.0059289	3	.0157895	1462	1072	7.28756	6.977282	7.215655	1360.565	1072	.0020187	.0053761
"TEXAS"	"VENEZUELA"	1867	3.689723	2294	12.07368	85770	173755	11.35942	12.0654	11.71475	122362.8	173755	.0077509	.0253627
"UTAH"	"BOLIVIA"			1	.0052632	1081	2121	6.985642	7.659643	6.961089	1054.782	2121		.0009057
"UTAH"	"BRAZIL"	11	.0217391	4	.0210526	7696	8521	8.948456	9.050289	9.184667	9746.53	8521	.0009312	.0009018
"UTAH"	"CHINA"	3	.0059289	9	.0473684	10820	12851	9.289151	9.461177	9.309083	11037.82	12851	.0001684	.0013454
"UTAH"	"COLOMBIA"	89	.1758893	91	.4789474	6610	16218	8.796339	9.693877	9.179138	9692.796	16218	.0039585	.0107791
"UTAH"	"CUBA"	7	.013834	10	.0526316	690	3241	6.536692	8.083637	7.126167	1244.099	3241	.001558	.0059273
"UTAH"	"DOMINICAN REPUBLIC"			8	.0421053	1775	1936	7.481556	7.568379	7.485376	1781.794	1936		.0079382
"UTAH"	"ECUADOR"	7	.013834	16	.0842105	2661	5141	7.886457	8.545003	8.140139	3429.393	5141	.0009822	.0059788
"UTAH"	"EL SALVADOR"	27	.0533597	57	.3	7992	10732	8.986197	9.280985	9.017725	8247.991	10732	.0018148	.0102031
"UTAH"	"GUATEMALA"	79	.1561265	150	.7894737	6963	7666	8.848366	8.944551	9.030314	8352.485	7666	.0074336	.0375891
"UTAH"	"HAITI"			1	.0052632	465	1261	6.142037	7.13966	6.467026	643.5671	1261		.0015234
"UTAH"	"HONDURAS"	228	.4505929	181	.9526316	2295	4773	7.738488	8.470731	7.980036	2922.036	4773	.0344577	.0728495
"UTAH"	"INDIA"	5	.0098814	2	.0105263	8633	8235	9.063348	9.016149	9.108876	9035.136	8235	.000438	.0004666
"UTAH"	"MEXICO"	849	1.677866	929	4.889474	101661	108693	11.5294	11.59628	11.56225	105056.3	108693	.0056344	.0164193
"UTAH"	"NICARAGUA"	14	.027668	26	.1368421	706	252	6.559615	5.529429	7.251294	1409.928	252	.0400747	.1982038
"UTAH"	"PERU"	74	.1462451	69	.3631579	9104	8683	9.116469	9.069122	9.228771	10186.02	8683	.0061476	.0152658
"UTAH"	"ROMANIA"	14	.027668	16	.0842105	685	772	6.529419	6.648984	6.462461	640.6354	772	.0130814	.0398146
"UTAH"	"RUSSIA"	1	.0019763			1624	1952	7.392648	7.57661	7.229633	1379.717	1952	.0003695	
"UTAH"	"VENEZUELA"	62	.1225296	266	1.4	10657	19317	9.273973	9.868741	9.86036	19155.79	19317	.0023152	.0264534
"VERMONT"	"CHINA"	1	.0019763			1893		7.545918		7.512833	1831.394	1831.394	.0003939	
"VERMONT"	"DOMINICAN REPUBLIC"	1	.0019763	1	.0052632	141		4.94876		4.861805	129.2573	129.2573	.0055807	.0148622
"VERMONT"	"ECUADOR"	6	.0118577	7	.0368421	94		4.543295		4.837662	126.174	126.174	.0343023	.106578
"VERMONT"	"EL SALVADOR"	1	.0019763			29		3.367296		3.278745	26.54245	26.54245	.027177	
"VERMONT"	"GUATEMALA"	2	.0039526	2	.0105263	250		5.521461		5.660715	287.3539	287.3539	.0050206	.0133706
"VERMONT"	"HAITI"			1	.0052632	191		5.252274		5.582024	265.6086	265.6086		.0072326
"VERMONT"	"JAMAICA"	1	.0019763			445		6.098074		6.195959	490.7617	490.7617	.0014698	
"VERMONT"	"MEXICO"	4	.0079051	2	.0105263	481		6.175867		6.210703	498.0512	498.0512	.0057933	.0077143
"VERMONT"	"NICARAGUA"	3	.0059289	1	.0052632	21		3.044523		4.131192	62.25207	62.25207	.0347624	.0308593
"VERMONT"	"VENEZUELA"			1	.0052632	176		5.170484		6.211535	498.466	498.466		.0038539
"VIRGINIA"	"BOLIVIA"	49	.0968379	237	1.247368	26004	24875	10.16601	10.12162	10.17721	26296.94	24875	.0014209	.0183031
"VIRGINIA"	"BRAZIL"	3	.0059289	16	.0842105	8140	10736	9.004545	9.281358	9.236781	10267.93	10736	.0002016	.002863
"VIRGINIA"	"CHINA"	6	.0118577	22	.1157895	52694	54221	10.87226	10.90082	10.94034	56406.36	54221	.0000798	.0007795
"VIRGINIA"	"COLOMBIA"	35	.06917	113	.5947368	15664	21928	9.659121	9.99552	9.973497	21450.38	21928	.0011514	.0098996
"VIRGINIA"	"CUBA"	15	.0296443	47	.2473684	5766	4997	8.659734	8.516593	9.023098	8292.427	4997	.0021653	.0180687
"VIRGINIA"	"DOMINICAN REPUBLIC"	6	.0118577	17	.0894737	7039	5287	8.859221	8.573007	8.912416	7423.578	5287	.0008186	.006177
"VIRGINIA"	"ECUADOR"	5	.0098814	45	.2368421	5365	6573	8.587651	8.790726	8.832799	6855.448	6573	.0005487	.0131519
"VIRGINIA"	"EL SALVADOR"	495	.9782609	632	3.326316	109383	117793	11.60261	11.67668	11.69005	119378.3	117793	.0030313	.0103071
"VIRGINIA"	"GUATEMALA"	362	.715415	654	3.442105	38729	53255	10.56434	10.88285	10.76831	47491.89	53255	.0049033	.0235916
"VIRGINIA"	"HAITI"	3	.0059289	13	.0684211	4461	7710	8.403129	8.950274	8.716019	6099.845	7710	.0002807	.0032391
"VIRGINIA"	"HONDURAS"	420	.8300395	671	3.531579	36235	50435	10.49778	10.82844	10.64422	41949.52	50435	.006007	.0255582
"VIRGINIA"	"INDIA"	3	.0059289	39	.2052632	97548	99404	11.4881	11.50695	11.60255	109376.4	99404	.0000218	.0007537
"VIRGINIA"	"JAMAICA"	2	.0039526	17	.0894737	12102	12472	9.401126	9.431241	9.49371	13275.95	12472	.0001157	.0026185
"VIRGINIA"	"MEXICO"	391	.7727273	489	2.573684	63937	51567	11.06565	10.85064	11.09868	66083.78	51567	.0054695	.018217
"VIRGINIA"	"NICARAGUA"	69	.1363636	183	.9631579	7285	5118	8.893573	8.540519	9.322986	11192.35	5118	.009725	.0686895
"VIRGINIA"	"PERU"	66	.1304348	259	1.363158	28320	32376	10.25132	10.38517	10.35788	31504.46	32376	.0014705	.0153679
"VIRGINIA"	"ROMANIA"	13	.0256917	17	.0894737	2595	4036	7.861342	8.303009	7.805351	2453.697	4036	.0023235	.0080916
"VIRGINIA"	"RUSSIA"	3	.0059289	10	.0526316	9600	9422	9.169518	9.150803	9.143557	9353.975	9422	.0002297	.0020389
"VIRGINIA"	"UZBEKISTAN"	1	.0019763	2	.0105263	1206	1177	7.095064	7.070724	7.031044	1131.211	1177	.0006129	.0032643
"VIRGINIA"	"VENEZUELA"	58	.1146245	276	1.452632	9133	12124	9.11965	9.402943	9.723137	16699.55	12124	.0034508	.0437323
"WASHINGTON"	"BOLIVIA"			3	.0157895	807	440	6.693324	6.086775	6.665484	784.8436	440		.0130981
"WASHINGTON"	"BRAZIL"	34	.0671937	8	.0421053	9415	12739	9.15006	9.452423	9.371982	11754.38	12739	.0019252	.0012064
"WASHINGTON"	"CHINA"	13	.0256917	10	.0526316	114984	136022	11.65255	11.82057	11.74436	126040.4	136022	.0000689	.0001412
"WASHINGTON"	"COLOMBIA"	105	.2075099	43	.2263158	6648	9959	8.802072	9.206232	9.184417	9744.096	9959	.0076053	.0082945
"WASHINGTON"	"CUBA"	14	.027668	7	.0368421	3090	1868	8.035927	7.532624	8.465729	4749.187	1868	.0054062	.0071988
"WASHINGTON"	"DOMINICAN REPUBLIC"	3	.0059289			1457	2191	7.284135	7.692113	7.280879	1452.264	2191	.0009877	
"WASHINGTON"	"ECUADOR"	18	.0355731	6	.0315789	1891	4781	7.544861	8.472405	7.802699	2447.198	4781	.0027158	.0024109
"WASHINGTON"	"EL SALVADOR"	17	.0335968	28	.1473684	13476	15036	9.508666	9.618202	9.55136	14063.81	15036	.0008156	.0035774
"WASHINGTON"	"GUATEMALA"	75	.1482213	72	.3789474	13895	14188	9.539285	9.560152	9.7301	16816.23	14188	.0038131	.0097488
"WASHINGTON"	"HAITI"	4	.0079051	5	.0263158	2185	1569	7.689371	7.358194	8.006081	2999.139	1569	.001839	.0061219
"WASHINGTON"	"HONDURAS"	88	.173913	53	.2789474	7394	9770	8.908424	9.187072	9.109647	9042.101	9770	.0064973	.0104213
"WASHINGTON"	"INDIA"	180	.3557312	29	.1526316	106527	134602	11.57615	11.81008	11.69311	119743.4	134602	.0009646	.0004139
"WASHINGTON"	"JAMAICA"			1	.0052632	3510	2760	8.163371	7.922986	8.257941	3858.143	2760		.000696
"WASHINGTON"	"MEXICO"	516	1.019763	504	2.652632	249244	248998	12.42619	12.4252	12.45871	257482.9	248998	.0014948	.0038884
"WASHINGTON"	"NICARAGUA"	113	.2233202	33	.1736842	1525	3758	7.32975	8.231642	7.934889	2793.048	3758	.0216902	.0168693
"WASHINGTON"	"PERU"	60	.1185771	22	.1157895	5438	7334	8.601167	8.900276	8.716076	6100.194	7334	.0059014	.0057626
"WASHINGTON"	"ROMANIA"	19	.0375494	9	.0473684	7629	7236	8.939713	8.886824	8.892602	7277.932	7236	.0018941	.0023894
"WASHINGTON"	"RUSSIA"	12	.0237154	7	.0368421	21330	18443	9.96787	9.82244	10.00349	22103.38	18443	.0004693	.0007291
"WASHINGTON"	"UZBEKISTAN"	2	.0039526			2668	3736	7.889084	8.225771	7.792539	2422.461	3736	.0003862	
"WASHINGTON"	"VENEZUELA"	70	.1383399	83	.4368421	3524	9090	8.167352	9.11493	8.876352	7160.624	9090	.0055549	.017541
"WEST VIRGINIA"	"BOLIVIA"			3	.0157895	51		3.931826		3.872941	48.08358	48.08358		.1198571
"WEST VIRGINIA"	"BRAZIL"	1	.0019763			286		5.655992		6.125573	457.4068	457.4068	.001577	
"WEST VIRGINIA"	"CHINA"	1	.0019763	1	.0052632	1948		7.574558		7.542344	1886.246	1886.246	.0003824	.0010185
"WEST VIRGINIA"	"COLOMBIA"	8	.0158103	2	.0105263	319		5.765191		6.388374	594.8884	594.8884	.0097006	.0064585
"WEST VIRGINIA"	"CUBA"	4	.0079051	2	.0105263	304		5.717028		6.3938	598.125	598.125	.004824	.0064236
"WEST VIRGINIA"	"DOMINICAN REPUBLIC"	21	.041502			531		6.274762		6.235331	510.4693	510.4693	.0296751	
"WEST VIRGINIA"	"ECUADOR"	10	.0197628	3	.0157895	237		5.46806		5.751173	314.5593	314.5593	.0229319	.0183214
"WEST VIRGINIA"	"EL SALVADOR"	13	.0256917	20	.1052632	900		6.802395		6.787254	886.4763	886.4763	.0105784	.0433413
"WEST VIRGINIA"	"GUATEMALA"	21	.041502	66	.3473684	472		6.156979		6.304389	546.967	546.967	.0276949	.2318046
"WEST VIRGINIA"	"HAITI"			1	.0052632	122		4.804021		5.136169	170.0631	170.0631		.0112961
"WEST VIRGINIA"	"HONDURAS"	18	.0355731	50	.2631579	494		6.202536		6.497024	663.1652	663.1652	.0195791	.1448397
"WEST VIRGINIA"	"INDIA"	3	.0059289	2	.0105263	2371		7.771067		7.779863	2391.948	2391.948	.0009047	.0016063
"WEST VIRGINIA"	"JAMAICA"	3	.0059289	4	.0210526	546		6.302619		6.400175	601.9501	601.9501	.003595	.0127655
"WEST VIRGINIA"	"MEXICO"	115	.2272727	184	.968421	2563		7.848934		7.88315	2652.214	2652.214	.0312775	.1332749
"WEST VIRGINIA"	"NICARAGUA"			4	.0210526	116		4.75359		5.648212	283.7836	283.7836		.0270777
"WEST VIRGINIA"	"PERU"	1	.0019763	2	.0105263	347		5.849325		5.978156	394.7119	394.7119	.0018275	.0097339
"WEST VIRGINIA"	"ROMANIA"	4	.0079051			113		4.727388		4.64559	104.1248	104.1248	.0277107	
"WEST VIRGINIA"	"RUSSIA"	2	.0039526			226		5.420535		5.105409	164.9115	164.9115	.0087483	
"WEST VIRGINIA"	"VENEZUELA"	3	.0059289	2	.0105263	183		5.209486		6.246216	516.0563	516.0563	.0041934	.0074451
"WISCONSIN"	"BRAZIL"			1	.0052632	2403	2354	7.784473	7.763871	8.103188	3304.986	2354		.0008161
"WISCONSIN"	"CHINA"	2	.0039526	4	.0210526	16992	16642	9.740498	9.719685	9.774157	17573.66	16642	.0000867	.0004617
"WISCONSIN"	"COLOMBIA"	31	.0612648	20	.1052632	3994	8471	8.292548	9.044404	8.715301	6095.466	8471	.0026398	.0045356
"WISCONSIN"	"CUBA"	3	.0059289	4	.0210526	950	1760	6.856462	7.473069	7.411881	1655.537	1760	.0012296	.004366
"WISCONSIN"	"DOMINICAN REPUBLIC"	15	.0296443	5	.0263158	2168	1615	7.681561	7.38709	7.692548	2191.953	1615	.0066998	.0059475
"WISCONSIN"	"ECUADOR"	11	.0217391	16	.0842105	1077	1212	6.981935	7.100027	7.246624	1403.358	1212	.0065469	.0253604
"WISCONSIN"	"EL SALVADOR"	8	.0158103	8	.0421053	1448	1867	7.277938	7.532088	7.272961	1440.81	1867	.0030909	.0082316
"WISCONSIN"	"GUATEMALA"	23	.0454545	10	.0526316	3155	3490	8.056744	8.157657	8.228533	3746.333	3490	.0047538	.0055044
"WISCONSIN"	"HONDURAS"	58	.1146245	30	.1578947	2225	4827	7.707512	8.48198	7.950128	2835.937	4827	.0086675	.0119394
"WISCONSIN"	"INDIA"	4	.0079051	3	.0157895	23242	23862	10.05372	10.08004	10.1274	25019.12	23862	.0001209	.0002415
"WISCONSIN"	"JAMAICA"	3	.0059289	3	.0157895	1528	1406	7.331715	7.248504	7.427619	1681.799	1406	.0015391	.004099
"WISCONSIN"	"MEXICO"	415	.8201581	271	1.426316	90578	89589	11.41397	11.40299	11.44686	93607.16	89589	.0033415	.005811
"WISCONSIN"	"NICARAGUA"	505	.9980237	135	.7105263	3494	10732	8.158802	9.280985	8.67078	5830.046	10732	.0339432	.0241653
"WISCONSIN"	"PERU"	6	.0118577	2	.0105263	2262	1186	7.724005	7.078341	7.843352	2548.733	1186	.0036493	.0032395
"WISCONSIN"	"ROMANIA"	7	.013834	1	.0052632	1307	675	7.17549	6.514713	7.113852	1228.871	675	.0074806	.002846
"WISCONSIN"	"RUSSIA"	2	.0039526			3799	4973	8.242494	8.511779	8.145029	3446.206	4973	.0002901	
"WISCONSIN"	"VENEZUELA"	28	.055336	49	.2578947	2897	3759	7.971431	8.231908	8.702139	6015.766	3759	.0053731	.0250417
"WYOMING"	"BOLIVIA"			1	.0052632	2		.6931472		.5978523	1.81821	1.81821		1.056563
"WYOMING"	"COLOMBIA"	7	.013834	12	.0631579	378		5.934894		6.544619	695.4914	695.4914	.0072602	.0331458
"WYOMING"	"CUBA"	2	.0039526	1	.0052632	74		4.304065		5.131322	169.2408	169.2408	.0085245	.011351
"WYOMING"	"DOMINICAN REPUBLIC"	1	.0019763			5		1.609438		1.402802	4.066579	4.066579	.1773835	
"WYOMING"	"ECUADOR"			1	.0052632	94		4.543295		4.837662	126.174	126.174		.0152254
"WYOMING"	"EL SALVADOR"	1	.0019763	12	.0631579	171		5.141664		5.091033	162.5576	162.5576	.0044375	.1418121
"WYOMING"	"GUATEMALA"	22	.0434783	14	.0736842	525		6.263398		6.412173	609.2162	609.2162	.0260492	.0441465
"WYOMING"	"HONDURAS"	14	.027668	12	.0631579	31		3.433987		3.823901	45.78244	45.78244	.2205827	.5035256
"WYOMING"	"JAMAICA"	1	.0019763			35		3.555348		3.657313	38.75706	38.75706	.0186119	
"WYOMING"	"MEXICO"	125	.2470356	140	.7368421	8057		8.994297		9.028089	8333.915	8333.915	.0108194	.0322714
"WYOMING"	"NICARAGUA"	6	.0118577	5	.0263158	67		4.204693		5.160994	174.3377	174.3377	.0248257	.0550957
"WYOMING"	"PERU"	3	.0059289	8	.0421053	412		6.021023		6.148986	468.2425	468.2425	.0046216	.0328215
"WYOMING"	"ROMANIA"	3	.0059289	1	.0052632	263		5.572154		5.497313	244.0352	244.0352	.0088677	.007872
"WYOMING"	"RUSSIA"	1	.0019763	1	.0052632	354		5.869297		5.588784	267.4103	267.4103	.0026975	.0071839
"WYOMING"	"VENEZUELA"	11	.0217391	17	.0894737	463		6.137727		7.071609	1178.042	1178.042	.0067356	.0277222
